"category","subcategory","ID","Description","GeneRatio","BgRatio","RichFactor","FoldEnrichment","zScore","pvalue","p.adjust","qvalue","geneID","Count"
"Metabolism","Energy metabolism","mmu00190","Oxidative phosphorylation - Mus musculus (house mouse)","83/2766","141/9709",0.588652482269504,2.06624257062712,8.04956441713209,3.44833349235711e-14,1.16208838692435e-11,6.53368451183452e-12,"11946/54405/11975/22272/227197/28080/17708/66335/17706/17711/17705/11947/54411/11951/228033/66445/12858/17995/114143/66046/67895/12866/226139/12861/66694/11972/67264/12868/17721/66142/68197/11950/67126/66108/66043/230075/78330/12859/66945/70316/67003/11958/68202/67273/17722/76429/66916/66218/407785/75406/333182/12857/110323/11973/11957/68775/100042503/57423/17991/17992/66091/623286/72900/27060/66152/110935/108664/17993/68342/11949/66290/66377/70383/11966/76252/66925/73834/100041273/68194/12865/66414/66237/12867",83
"Cellular Processes","Cell motility","mmu04820","Cytoskeleton in muscle cells - Mus musculus (house mouse)","116/2766","232/9709",0.5,1.75506146059291,7.34696963734657,2.19891657400746e-12,3.70517442720257e-10,2.08318412274391e-10,"12814/16398/53318/16416/13527/433182/21953/208846/13806/109620/18810/56419/14200/12839/16402/320910/22330/13007/16905/11735/20649/13179/12840/326618/70435/212073/54132/94216/21827/640524/24131/21825/16651/20650/68794/16410/67399/16907/22793/93689/12841/74103/16480/16404/22003/233199/11459/118449/67451/12830/16399/21894/319565/20740/22352/98932/17880/22004/373864/64009/16400/14201/11468/13726/12111/14118/16412/12826/12827/30794/12833/104099/15530/14119/53867/12834/54004/109700/80297/14199/13138/20970/12345/24051/13717/12832/50875/17929/13808/77579/11928/223697/53311/11603/11931/50876/20743/17886/107765/241226/12831/11717/109676/16772/13003/50874/20742/229665/14114/14268/20392/192897/12815/57778/13346/76441",116
"Organismal Systems","Environmental adaptation","mmu04714","Thermogenesis - Mus musculus (house mouse)","114/2766","238/9709",0.478991596638655,1.68131938241674,6.71674241239323,1.10140289179543e-10,1.23724258178353e-08,6.95622879028693e-09,"14081/11946/54405/22272/227197/231991/19017/108097/28080/14182/11512/105787/17708/17706/17711/17705/11947/26427/66853/11951/228033/68033/66445/12858/432530/17995/66046/12866/226139/12861/66694/67264/12868/17721/57376/67605/66142/108079/68197/11950/67126/66108/12801/66043/20112/230075/78330/12859/66945/70316/104111/66272/67003/11958/68202/104263/66993/67273/17722/214663/19091/18749/78284/66916/66218/26397/407785/75406/333182/12857/110323/78070/11957/50790/100042503/57423/12896/17991/17992/66091/69893/623286/72900/110651/66152/20663/19016/20111/18160/83796/17993/68342/23945/11949/67892/66377/76178/70383/16890/11515/66925/100041273/76947/68194/52469/12865/66414/104110/19094/68185/22227/67155/12867/26415",114
"Cellular Processes","Cellular community - eukaryotes","mmu04510","Focal adhesion - Mus musculus (house mouse)","100/2766","202/9709",0.495049504950495,1.73768461444843,6.68716520564549,1.5273966188143e-10,1.27817900144233e-08,7.18638826361453e-09,"13645/16398/21923/11651/16416/12043/232906/22323/18481/13731/18750/71785/67268/18709/12389/12839/16402/16001/320910/22330/11855/16774/12840/329251/18752/16779/60595/94216/21827/19878/21825/16410/18590/109905/107746/13712/13730/109880/22793/12841/192176/18654/16404/17931/16000/12830/16399/20750/12334/109711/21894/70584/98932/13649/107589/16400/16775/16782/216148/23797/12444/226519/57342/22341/16412/18719/12826/12827/54635/12833/19303/104099/14360/110157/16202/19877/18591/12834/57257/109700/19699/19045/74769/20663/11796/22371/18706/18596/16542/241226/16776/16777/14254/16772/16780/271849/14268/12443/170758/192897",100
"Human Diseases","Cancer: overview","mmu05208","Chemical carcinogenesis - reactive oxygen species - Mus musculus (house mouse)","110/2766","229/9709",0.480349344978166,1.68608524598446,6.63145827915116,1.89640801400939e-10,1.27817900144233e-08,7.18638826361453e-09,"13645/11946/54405/13849/22272/227197/11651/57344/18104/28080/17708/17706/17711/17705/18709/11740/11947/20656/11951/228033/66445/12858/75292/320718/17995/66046/12866/12861/20655/66694/11350/67264/12868/17721/76113/66142/68197/11950/50490/56615/14862/67126/66108/109880/18760/19247/66043/230075/78330/12859/66945/70316/67003/68202/67273/17722/66916/13649/66218/407785/26396/75406/105675/333182/12857/23797/110323/11957/13057/13107/110157/100042503/13078/17991/17992/66091/101540/11739/623286/72900/11622/66152/18033/74769/20663/11352/13850/53859/18805/14871/18706/17993/68312/14872/68342/11949/17969/66377/66925/100041273/68194/14866/12865/66414/17970/19094/18024/12867/26415/171429",110
"Human Diseases","Cardiovascular disease","mmu05415","Diabetic cardiomyopathy - Mus musculus (house mouse)","105/2766","217/9709",0.483870967741935,1.69844657476734,6.567522708515,2.89947594003682e-10,1.62853898632068e-08,9.1562398106426e-09,"68263/55951/11946/54405/22272/227197/11651/14583/70456/18750/28080/17708/18597/17706/17711/17705/18709/11740/11947/11421/14584/11951/228033/18795/66445/12858/17995/66046/12866/18752/12861/13033/66694/67264/12868/17721/66142/68197/11950/236900/67126/66108/66043/230075/210789/12491/78330/12859/14381/66945/11938/14380/70316/67003/68202/67273/17722/18604/66916/66218/407785/20525/75406/12325/105675/333182/12857/23797/27273/110323/11957/13057/100042503/12896/17991/17992/66091/11739/20528/623286/72900/66152/19045/18033/74769/18706/17993/68342/11949/17969/66377/66925/11606/100041273/14782/53313/68194/12865/66414/17970/19094/12322/17390/12867/26415",105
"Organismal Systems","Development and regeneration","mmu04360","Axon guidance - Mus musculus (house mouse)","89/2766","181/9709",0.49171270718232,1.725972044119,6.22265465838122,2.41479877466086e-09,1.16255312437244e-07,6.53629743517225e-08,"18019/13845/13835/226251/80883/12632/20351/18481/18750/13836/13848/67268/319757/140571/18709/20130/235611/13846/14159/13640/13841/13641/20350/11350/16886/19878/107449/50780/117606/18846/231637/69632/11854/19247/20361/244058/231148/19876/20348/12767/13642/20354/70584/214968/98932/20356/12325/14365/20187/20360/93742/16412/13838/14678/14360/110157/16202/20564/19877/73181/53972/13800/57764/12631/13639/234779/74769/18844/12168/22253/13844/18706/20358/58220/18208/13643/12162/243743/22419/17974/22063/18845/319713/20563/12322/223881/12934/218877/170758",89
"Metabolism","Nucleotide metabolism","mmu00240","Pyrimidine metabolism - Mus musculus (house mouse)","36/2766","56/9709",0.642857142857143,2.25650759219089,5.9517594005441,2.57437924150005e-08,1.0844572554819e-06,6.09721399302644e-07,"22169/56749/12499/66422/18103/21877/80914/68106/18102/22171/54369/12495/18605/50773/20133/20135/68556/320685/22247/209558/23959/69692/69719/12497/67464/103850/13178/21915/51797/72269/66588/215446/66401/72962/99586/57813",36
"Environmental Information Processing","Signaling molecules and interaction","mmu04512","ECM-receptor interaction - Mus musculus (house mouse)","50/2766","89/9709",0.561797752808989,1.97197916920552,5.81409085288208,3.69184973200293e-08,1.38239262187221e-06,7.77231522526932e-07,"12505/15366/16398/21923/16416/12839/16402/320910/16774/12840/16779/94216/21827/242022/21825/16410/12841/12491/16404/12830/16399/20750/16400/16775/16782/226519/16412/12826/12827/75209/12833/104099/15530/12834/109700/231470/14723/19699/13138/114249/22371/11603/241226/16776/14724/16777/16772/16780/14268/192897",50
"Human Diseases","Cancer: overview","mmu05205","Proteoglycans in cancer - Mus musculus (house mouse)","93/2766","204/9709",0.455882352941176,1.60020309642295,5.46832910013916,1.16479132480603e-07,3.92534676459631e-06,2.20697303647457e-06,"12505/18569/16398/11651/16416/18750/14182/14388/319757/18709/12367/12512/12389/16402/20130/16001/11735/12402/13179/329251/18752/13043/19878/21825/16410/16801/18792/13712/109880/69632/19247/22059/192176/16439/17931/16000/20544/15200/18749/22420/13649/16440/26396/12325/21898/14369/14362/23797/17246/14365/16438/93897/16412/17698/19303/110157/22411/15530/19877/21926/13207/57257/69253/234779/19045/57265/74769/20663/13867/24088/18706/21859/22409/12575/22419/83383/14102/16542/109676/14734/16002/14733/19094/12322/17869/17390/14371/13982/14268/15163/12443/26415/21844",93
"Human Diseases","Infectious disease: viral","mmu05165","Human papillomavirus infection - Mus musculus (house mouse)","147/2766","359/9709",0.409470752089136,1.43729267246328,5.32881947747026,1.67465978466657e-07,4.93794810742651e-06,2.7762944224169e-06,"13645/15015/12428/16398/21923/11975/100529082/11651/16416/231991/15006/66335/110557/18709/12367/13555/12576/12839/54411/26427/16402/270118/320910/23962/15040/114143/56217/16774/12840/16779/14972/19650/11972/433586/94216/21827/21825/16410/11920/15007/22059/12841/26941/16404/19054/12830/69717/16399/15018/20750/19225/16449/21414/13685/18749/78284/14991/103806/22420/13649/16400/26396/16775/16782/142980/14369/14362/23797/17246/14365/12444/93897/224912/93742/226519/12370/16412/12826/12827/11973/12833/101206/19303/104099/110157/12571/17858/68775/103733/19053/16897/22411/12914/21926/21752/12834/26932/109700/27060/19699/19664/14924/57265/18033/74769/20663/15213/110935/108664/22371/18706/20847/23805/58220/14082/22409/15013/66290/12575/72930/11966/76252/18596/18131/22419/12006/14102/73834/14997/241226/103768/16776/12448/21415/16777/217325/16772/66237/16391/16780/14371/14963/56198/14268/12443/192897/17305",147
"Human Diseases","Endocrine and metabolic disease","mmu04932","Non-alcoholic fatty liver disease - Mus musculus (house mouse)","77/2766","162/9709",0.475308641975309,1.66839175883524,5.41467658414314,1.75831980086404e-07,4.93794810742651e-06,2.7762944224169e-06,"54405/22272/227197/11651/22433/108097/105787/17708/17711/18709/12367/21428/66445/20787/12858/17995/66046/12125/12866/12861/66694/67264/12868/66142/108079/68197/12369/66108/230075/78330/12859/66945/13666/70316/67003/68202/67273/66916/66218/407785/75406/333182/12857/23797/12370/110323/100042503/21926/58805/17991/17992/66091/623286/72900/66152/18033/74769/19016/68465/18706/17993/68342/66377/16193/66925/14102/100041273/12702/68194/12865/66414/19094/12122/384783/12867/16194/26415",77
"Metabolism","Global and overview maps","mmu01232","Nucleotide metabolism - Mus musculus (house mouse)","46/2766","84/9709",0.547619047619048,1.92221017112557,5.35780089938504,3.58034427575651e-07,8.74992774782634e-06,4.91952832924798e-06,"22169/14544/23917/12499/66422/18103/21877/80914/68106/18102/11486/22171/54369/27369/12495/18605/50773/11637/20133/20135/22436/68556/75686/320685/209558/11564/23959/69692/12497/67464/11636/103850/13178/21915/51797/72269/12496/56248/66588/215446/11717/72962/11639/57813/229665/66355",46
"Cellular Processes","Transport and catabolism","mmu04142","Lysosome - Mus musculus (house mouse)","66/2766","135/9709",0.488888888888889,1.71606009480196,5.28794626677231,3.63498482105545e-07,8.74992774782634e-06,4.91952832924798e-06,"64138/67963/11975/13032/15212/114128/110006/11886/12512/54411/14667/14466/192654/55946/18145/54397/67489/17939/50917/17775/19025/114143/13033/11972/19141/18174/83429/56325/15932/15211/18010/12091/16889/229445/20661/11764/12514/13034/252903/16004/67464/13036/11769/11776/11768/12757/20597/76943/11777/12752/15587/27060/15586/17159/211329/108664/27419/11766/56464/260302/108012/13423/66848/235504/72175/110173",66
"Metabolism","Carbohydrate metabolism","mmu00630","Glyoxylate and dicarboxylate metabolism - Mus musculus (house mouse)","23/2766","32/9709",0.71875,2.52290084960231,5.44620063774849,4.39436391948893e-07,9.87267093911847e-06,5.55077547724918e-06,"60525/12974/68133/104174/17449/17850/11428/13382/110460/224530/110821/11429/71832/67078/110446/67432/66904/108037/68180/68738/76238/434437/20425",23
"Cellular Processes","Cell motility","mmu04810","Regulation of actin cytoskeleton - Mus musculus (house mouse)","101/2766","232/9709",0.435344827586207,1.52811385793004,5.13870284973509,5.33744941259379e-07,1.12420028252757e-05,6.3206637780716e-06,"13645/16398/11651/16416/232906/12632/18481/14182/14183/18643/71785/67268/18709/56419/242687/14164/16402/20130/14673/404710/14745/320910/22330/329165/219140/329251/12669/60595/16886/19878/16410/18590/16801/227753/231637/109880/69632/544963/16404/17931/18718/20544/16399/12767/109711/108100/70584/98932/17880/13649/107589/16400/26396/381810/23797/16412/18719/17698/74192/226970/54635/19303/104099/110157/56443/14186/434782/19877/18591/57257/13800/12631/54004/14701/109700/11867/19045/54126/74769/20663/77579/14184/18706/23805/14061/14171/30938/18645/20259/17886/18596/241226/66713/12672/69379/14268/170758/192897/16407/14178/21844",101
"Human Diseases","Neurodegenerative disease","mmu05010","Alzheimer disease - Mus musculus (house mouse)","155/2766","389/9709",0.398457583547558,1.3986350971306,5.06477044599514,5.82862414945509e-07,1.15543902256845e-05,6.49629936162178e-06,"14977/16956/11946/54405/22272/227197/11651/22433/28080/56175/17708/68585/17706/22151/17711/17705/12333/17380/18709/12367/20168/11740/11947/11951/228033/18795/66445/12364/12858/72027/16574/17995/208117/66046/12866/12861/12669/66694/11820/67264/12868/17721/16593/18174/66142/641340/68197/12369/69806/11950/50490/68427/67126/66108/109880/16973/16439/66043/230075/78330/12859/66945/13666/11938/70316/67003/19225/68202/67273/12334/17722/66916/22420/66218/407785/16440/22142/26396/75406/105675/333182/14369/12857/14362/215999/11785/23797/17762/14365/16438/93897/12370/110323/11957/110157/22411/100042503/21926/17991/16971/17992/66091/59287/11739/11816/623286/72900/12289/66152/328133/57265/18033/14682/74769/16572/22123/18706/17993/23805/68342/67547/14082/29869/68318/22409/11949/67951/12288/66377/12371/22419/12006/16193/66925/14102/57296/22146/100041273/12314/12569/53313/68194/70405/12865/51897/66414/27412/214922/12122/213053/384783/12867/14371/106957/30791",155
"Genetic Information Processing","Folding, sorting and degradation","mmu04141","Protein processing in endoplasmic reticulum - Mus musculus (house mouse)","80/2766","175/9709",0.457142857142857,1.60462762111352,5.09432705008046,7.69581619469107e-07,1.44082780978383e-05,8.10085915230639e-06,"18453/53421/71853/66357/13135/13200/67838/17155/70361/66256/20832/12043/27054/22433/110379/109815/140740/66212/20014/103963/67397/72265/70377/50907/108687/12333/320011/67437/216080/12017/107513/12955/217379/16430/67075/12364/20335/66967/14376/94232/63958/18415/22213/230904/81910/69038/56085/105245/57377/67819/100037258/140499/13666/75744/12334/19089/81500/67475/230815/80286/66435/12282/66397/54197/216440/74126/216197/15511/226418/15482/213539/193740/116891/56424/217365/77371/270669/18024/50873/15502",80
"Metabolism","Glycan biosynthesis and metabolism","mmu00510","N-Glycan biosynthesis - Mus musculus (house mouse)","32/2766","53/9709",0.60377358490566,2.1193194995839,5.15716189350831,1.22071237240435e-06,2.16515826052772e-05,1.21733089768855e-05,"66357/13135/13200/17155/13478/20014/103963/227697/14595/57357/16430/207958/67075/14376/66248/20440/17309/102580/69038/381903/57377/56737/380959/208624/230815/57170/80286/68563/269181/320438/53418/320302",32
"Human Diseases","Cancer: specific types","mmu05222","Small cell lung cancer - Mus musculus (house mouse)","48/2766","94/9709",0.51063829787234,1.79240319379702,4.87251168063143,2.98957459961157e-06,4.82847691691411e-05,2.71474572870386e-05,"16398/11651/12043/22032/18709/12367/13555/12576/16774/16779/94216/66197/16410/218772/22059/242705/12830/16399/19225/16400/16775/16782/13197/23797/226519/16412/12826/12827/22029/12571/22033/18033/74769/11796/27015/18706/14198/12575/12371/22034/16776/12448/16777/16772/16780/17869/14268/12443",48
"Human Diseases","Neurodegenerative disease","mmu05012","Parkinson disease - Mus musculus (house mouse)","113/2766","274/9709",0.412408759124088,1.44760543829926,4.74369843847234,3.00884318264678e-06,4.82847691691411e-05,2.71474572870386e-05,"14977/11946/54405/22272/227197/22433/28080/17708/17706/17161/22151/17711/17705/12367/11740/11947/11951/228033/66445/12858/72027/16574/17995/66046/12866/12861/20655/66694/67264/12868/22213/17721/16593/18174/66142/68197/69806/11950/68427/67126/66108/22059/16439/66043/140499/230075/78330/12859/56551/66945/13666/70316/67003/68202/67273/17722/18749/66916/66218/407785/16440/22142/75406/12325/105675/333182/12857/215999/17762/16438/22186/110323/14678/11957/100042503/109731/17991/17992/66091/11739/66725/623286/72900/66152/328133/16572/22123/17993/68342/67547/11949/67951/66377/12371/67847/66925/57296/22146/100041273/12314/68194/68943/70405/12865/66414/214922/12322/213053/18024/12867/50873/106957/30791",113
"Environmental Information Processing","Signal transduction","mmu04151","PI3K-Akt signaling pathway - Mus musculus (house mouse)","144/2766","367/9709",0.392370572207084,1.37726893910289,4.65030609873162,4.02118535717608e-06,6.15972484258336e-05,3.46322183871624e-05,"13645/16398/21923/11651/16416/12043/231991/18414/18750/14182/14183/105787/13836/71785/12189/12064/18709/22630/12576/12839/26427/17311/14164/16402/16001/14745/320910/22631/13640/15370/20393/12125/16774/12840/12669/14696/16779/16190/67168/100039786/94216/21827/14700/21825/108079/16410/18590/22059/14256/12841/320795/18654/16404/16000/19054/12830/16399/20750/13874/13685/78284/13649/16400/26396/170755/19116/16775/16782/21898/66066/17763/381810/23797/17246/12444/226519/22341/16412/12826/12827/18049/16196/54635/12833/104099/50791/110157/12571/14186/19053/11600/263803/18591/21802/12834/14707/13639/26932/14701/109700/78405/14702/19699/14924/18033/74769/20663/13867/18212/24088/22371/14184/18706/16590/18188/20963/14171/12575/72930/12371/18596/16193/16542/16453/241226/12985/21687/16776/12448/16777/14254/16772/16002/74343/16780/17869/14708/14268/16194/12443/192897/16188/14178/14704",144
"Metabolism","Metabolism of other amino acids","mmu00480","Glutathione metabolism - Mus musculus (house mouse)","39/2766","73/9709",0.534246575342466,1.87527114967462,4.73775978400561,6.15995341904574e-06,8.86873889637179e-05,4.98632828782421e-05,"14775/14854/110208/269951/69590/20603/66116/66988/15926/20133/20135/14768/56615/14862/18263/11758/14381/71522/23887/14380/20810/69065/14778/110175/93674/100043497/320769/68044/67305/14871/68312/14872/75475/207182/66073/14782/14866/68396/16790",39
"Environmental Information Processing","Signal transduction","mmu04015","Rap1 signaling pathway - Mus musculus (house mouse)","91/2766","214/9709",0.425233644859813,1.49262236368182,4.599291279694,6.316015831244e-06,8.86873889637179e-05,4.98632828782421e-05,"217944/13645/11651/16416/22323/18750/14182/14183/11512/110351/13836/18643/71785/217692/18709/17311/14164/20130/18795/16001/14745/75292/432530/13640/23880/18752/21825/18590/109905/107746/12801/109880/18760/79264/18654/16000/54354/20469/16399/104111/56508/21894/13649/26397/26396/19730/381810/23797/93742/22341/16412/14678/18049/54635/50791/110157/14186/11600/18591/14065/57257/13800/101540/13639/19395/14924/14682/74769/99470/14184/18706/26399/58220/16590/14171/18645/18596/11515/16542/12314/21687/106952/70405/14254/14681/104110/19094/26415/170758/14178/21844",91
"Metabolism","Global and overview maps","mmu01212","Fatty acid metabolism - Mus musculus (house mouse)","34/2766","62/9709",0.548387096774194,1.92490611806965,4.61120836322035,1.14129509501344e-05,0.000153846578807812,8.64981545694397e-05,"14104/54325/107476/76267/14081/74147/68801/56473/20250/110460/224530/106529/93747/26922/66885/170439/54397/110446/15107/20249/329065/74559/56348/11430/223722/257633/78070/50790/12896/83603/57874/54326/71147/30963",34
"Organismal Systems","Nervous system","mmu04723","Retrograde endocannabinoid signaling - Mus musculus (house mouse)","68/2766","153/9709",0.444444444444444,1.56005463163815,4.40712559361216,1.63963455086312e-05,0.000212521862938797,0.00011948753811958,"54405/227197/18750/11512/18795/432530/17995/66046/18752/14696/67264/14700/17721/68197/269060/66108/12801/16439/230075/78330/70316/104111/19225/68202/67273/17722/18749/66916/66218/407785/16440/75406/66066/16438/14678/14073/242864/100042503/66082/17991/17992/66091/14707/14701/623286/72900/14702/12289/14682/53623/17993/68342/23945/12288/66377/11515/100041273/68194/66414/14681/104110/19094/12286/72961/14708/26415/216643/14704",68
"Metabolism","Nucleotide metabolism","mmu00230","Purine metabolism - Mus musculus (house mouse)","61/2766","134/9709",0.455223880597015,1.59789177755474,4.39868617045847,1.80332812753484e-05,0.000225082066288608,0.000126549342283147,"14544/23917/12499/242202/11512/18103/18102/11486/54369/432530/27369/12495/230103/18605/50773/18578/11637/20133/20135/22436/75686/18582/237823/23972/209558/11564/234889/104111/54195/224794/66681/23959/69692/18585/12497/67464/29863/11636/103850/207728/13178/12496/56248/60596/53893/18160/231327/68695/14198/215446/54611/11515/66401/18574/11717/238871/110385/104110/11639/229665/66355",61
"Cellular Processes","Cell growth and death","mmu04110","Cell cycle - Mus musculus (house mouse)","69/2766","157/9709",0.439490445859873,1.54266548765492,4.32665494008715,2.24323404246326e-05,0.000269989240110757,0.000151797792347138,"12428/12530/77011/66591/27214/12534/67849/12649/268697/71988/107995/105988/22630/17218/13555/12235/12576/17216/76464/18817/12532/17219/56150/55948/434175/67052/22631/72415/12236/20877/12544/20843/19650/100039786/11350/67177/17215/11920/12442/23834/22059/69716/242705/67141/229776/18392/268930/13197/75430/17246/320209/12444/12577/66156/12571/211586/19053/12914/22137/26932/17220/12575/100710/218294/12448/24061/71890/17869/12443",69
"Human Diseases","Neurodegenerative disease","mmu05020","Prion disease - Mus musculus (house mouse)","109/2766","273/9709",0.399267399267399,1.40147764985075,4.24684215633413,2.48126454992981e-05,0.000288340052871154,0.000162115288198681,"11946/54405/22272/227197/231991/28080/17708/17706/22151/17711/17705/18709/12367/11740/11947/12389/26427/11951/228033/66445/12364/12858/16574/17995/17967/66046/12866/12861/20655/66694/67264/12868/17721/16593/66142/68197/11950/67126/66108/16439/66043/230075/78330/12859/66945/13666/70316/67003/68202/67273/17722/18749/78284/66916/66218/407785/16440/22142/75406/105675/333182/12857/215999/16438/226519/110323/11957/13057/14360/15511/100042503/21926/17991/17992/66091/11739/15482/193740/623286/72900/12289/66152/74769/16572/22123/18706/17993/68342/19122/11949/17969/67951/12288/66377/12371/16193/66925/57296/22146/100041273/68194/12865/66414/17970/19094/69379/12867/26415/13653",109
"Human Diseases","Cancer: specific types","mmu05214","Glioma - Mus musculus (house mouse)","38/2766","74/9709",0.513513513513513,1.80249555412245,4.37371041165958,2.6706998781849e-05,0.000300008619649437,0.000168675781780099,"13645/11651/18750/18709/13555/16001/52163/18752/18590/109880/22059/242705/16000/13649/26396/12325/216148/13197/23797/17246/110157/12571/18591/21802/234779/74769/20663/27015/18706/12326/12575/18596/12314/215303/70405/12322/271849/12443",38
"Metabolism","Global and overview maps","mmu01200","Carbon metabolism - Mus musculus (house mouse)","56/2766","122/9709",0.459016393442623,1.611203963823,4.28787486675233,2.92814919039792e-05,0.000318318153923903,0.000178970069362182,"68263/235339/60525/12974/18641/68133/104174/17449/17850/433182/11428/13382/110460/224530/18597/93747/13806/110821/110208/11429/71832/72141/67078/14718/269951/110446/15277/18563/18655/21881/15926/66904/66646/108037/17436/56421/68738/14381/66945/11676/14380/11430/14661/21991/20917/18648/108682/56451/66171/21351/13808/109264/434437/66925/20425/236539",56
"Metabolism","Lipid metabolism","mmu00062","Fatty acid elongation - Mus musculus (house mouse)","19/2766","29/9709",0.655172413793103,2.29973570698382,4.42418989664621,3.67425596987026e-05,0.000376647421039251,0.000211764909533235,"54325/68801/106529/93747/26922/170439/54397/15107/74559/56348/83603/171282/57874/70025/26897/171210/54326/217698/30963",19
"Metabolism","Global and overview maps","mmu01250","Biosynthesis of nucleotide sugars - Mus musculus (house mouse)","23/2766","38/9709",0.605263157894737,2.12454808387563,4.38380800801283,3.68823884103718e-05,0.000376647421039251,0.000211764909533235,"331026/14583/67311/14584/94181/15277/107652/76355/110119/218138/50798/74246/54128/109785/54342/22122/66681/67883/227620/69976/12764/22235/12763",23
"Cellular Processes","Cell growth and death","mmu04218","Cellular senescence - Mus musculus (house mouse)","77/2766","182/9709",0.423076923076923,1.48505200511708,4.16930152631506,3.93459174799943e-05,0.000389987476198767,0.000219265174811114,"18019/15015/12428/12530/100529082/11651/15006/12534/12649/268697/110557/12333/18709/11740/13555/14235/23871/20130/231506/434175/15040/14972/19650/11920/72568/17164/12234/12442/15007/22059/16439/63873/242705/19367/54354/69717/15018/12334/13685/14991/26397/16440/26396/13197/215999/23797/17246/16438/12444/18018/110157/12571/73181/11739/12289/19045/18033/74769/16009/12192/18706/26399/15013/12575/17865/16193/14997/12314/93759/70405/12448/19094/17869/14963/12443/26415/233020",77
"Human Diseases","Cardiovascular disease","mmu05412","Arrhythmogenic right ventricular cardiomyopathy - Mus musculus (house mouse)","42/2766","86/9709",0.488372093023256,1.71424607778843,4.1991291869447,4.85736651751134e-05,0.000467695004686092,0.000262955179895351,"16398/16416/13527/12297/109620/16402/320910/16905/20649/16651/20650/16410/110891/12385/16480/16404/67451/11938/16399/12558/21414/16400/13726/14609/16412/12293/12298/104099/12295/109700/12289/13138/20541/24051/12288/241226/53313/21415/16772/20392/192897/13346",42
"Metabolism","Lipid metabolism","mmu01040","Biosynthesis of unsaturated fatty acids - Mus musculus (house mouse)","21/2766","34/9709",0.61764705882353,2.16801709837948,4.30606480104364,5.26392387553898e-05,0.000480946383809976,0.000270405588273608,"54325/76267/68801/56473/20250/106529/170439/20249/329065/74559/56348/11430/83603/171282/57874/70025/26897/171210/54326/217698/30963",21
"Cellular Processes","Cellular community - eukaryotes","mmu04530","Tight junction - Mus musculus (house mouse)","72/2766","169/9709",0.42603550295858,1.49543698417384,4.10086032416933,5.28042023767629e-05,0.000480946383809976,0.000270405588273608,"56332/22323/108097/105787/67268/16800/12479/74094/67374/56217/18754/13043/60595/19878/108079/109905/235442/53624/68328/26941/104027/17904/58187/109711/12740/18260/18749/98932/17880/22142/54420/17475/224912/93742/18016/16412/72058/17698/74192/70737/12394/73608/27375/56443/12737/19053/16897/218518/434782/19877/26401/434204/11867/12289/14924/12739/17999/77579/58220/60363/72930/17886/22146/66713/54357/75723/217325/54419/15163/12443/12741/21844",72
"Metabolism","Metabolism of other amino acids","mmu00450","Selenocompound metabolism - Mus musculus (house mouse)","13/2766","17/9709",0.764705882352941,2.68421164561269,4.38663816748693,5.60555809010297e-05,0.000497124493780184,0.000279501511417877,"216443/23972/212679/214580/229905/50880/232223/26462/211006/70266/50493/20768/107869",13
"Cellular Processes","Transport and catabolism","mmu04146","Peroxisome - Mus musculus (house mouse)","42/2766","87/9709",0.482758620689655,1.69454209988281,4.10717222958371,6.83071664501414e-05,0.000590243976761478,0.000331856679109999,"14081/93734/74147/68603/74043/20656/19301/59038/330450/269951/17527/234384/74114/20655/15926/12908/22436/72129/51798/70503/11430/18631/56794/11666/93732/668173/19300/50790/19193/19302/18633/208982/110959/15356/13850/111175/69129/56690/212503/20524/67993/54683",42
"Environmental Information Processing","Signal transduction","mmu04668","TNF signaling pathway - Mus musculus (house mouse)","53/2766","118/9709",0.449152542372881,1.57658063409194,3.97728304352954,9.69354917618234e-05,0.000816681518093362,0.000459168118871795,"11651/231991/17387/20312/16168/18709/12367/14825/26427/257632/330122/16182/15953/12369/20310/72542/74568/19225/16449/217344/78284/20311/20297/26397/23797/22341/12370/22029/13614/21926/22033/18033/74769/11796/21929/53859/22329/18706/26399/14082/20296/12633/16193/14102/15894/12702/69601/20339/19094/15945/19766/16878/26415",53
"Organismal Systems","Endocrine system","mmu04928","Parathyroid hormone synthesis, secretion and action - Mus musculus (house mouse)","52/2766","116/9709",0.448275862068966,1.57350337846261,3.92197789980332,0.000119507206596678,0.000982290942026351,0.000552279773745879,"12043/231991/17387/18750/14182/11512/22337/14672/26427/14673/18795/69847/432530/20531/20393/12393/18752/18578/16801/109880/16973/16439/26941/104111/15200/18749/78284/13649/17260/16440/16438/14678/53416/110157/18227/14682/16478/216869/18805/75607/17391/12575/23948/17389/11515/240047/17258/238871/110385/104110/12095/13653",52
"Organismal Systems","Immune system","mmu04670","Leukocyte transendothelial migration - Mus musculus (house mouse)","53/2766","119/9709",0.445378151260504,1.56333205733486,3.90252804169714,0.000126972557897184,0.00101880361931788,0.000572808531866998,"232906/22323/18750/67268/18709/22330/11855/67374/18752/60595/19878/109905/53624/19247/12385/54354/20469/58187/12767/56508/109711/12740/18260/98932/54420/16412/17698/14678/13057/19303/12737/19877/57257/234779/12739/74769/22329/18706/21838/60363/17969/69524/19229/15894/12562/17970/54419/19094/17390/171486/26415/18613/12741",53
"Human Diseases","Cardiovascular disease","mmu05410","Hypertrophic cardiomyopathy - Mus musculus (house mouse)","46/2766","100/9709",0.46,1.61465654374548,3.89951685599922,0.000137607431317233,0.00106664859653023,0.000599708722084779,"16398/16416/13527/108097/12297/105787/11421/16402/320910/16905/20649/326618/16651/20650/108079/16410/110891/16404/22003/16000/11938/16399/22004/16400/13726/16412/12293/12298/104099/12295/13614/21926/109700/12289/13138/20541/24051/12288/16193/11606/241226/53313/16772/20392/192897/13346",46
"Metabolism","Carbohydrate metabolism","mmu00640","Propanoate metabolism - Mus musculus (house mouse)","19/2766","31/9709",0.612903225806452,2.15136566137196,4.05245965570812,0.000139265692128576,0.00106664859653023,0.000599708722084779,"100705/107476/60525/74147/17850/13382/52665/93747/110821/13171/16828/66904/68738/12039/11430/20917/56451/268860/56690",19
"Metabolism","Glycan biosynthesis and metabolism","mmu00513","Various types of N-glycan biosynthesis - Mus musculus (house mouse)","24/2766","43/9709",0.558139534883721,1.95913837461535,3.97840954977958,0.000152794179280975,0.00114425863150419,0.000643343912761999,"66357/13135/13200/17155/15212/20014/103963/14595/16430/207958/67075/102580/69038/330671/56737/15211/330406/208624/230815/80286/71367/269181/53418/320302",24
"Environmental Information Processing","Signal transduction","mmu04022","cGMP-PKG signaling pathway - Mus musculus (house mouse)","71/2766","172/9709",0.412790697674419,1.44894608955927,3.74947026947596,0.000192920556607395,0.00141231416450287,0.000794054504483889,"11941/18019/20807/11651/231991/22323/242202/11512/11740/14672/26427/14673/18795/381290/432530/18754/19735/230103/13617/19878/16531/11936/110891/16439/17931/14886/234889/11938/104111/54195/19091/78284/98932/17260/107589/16440/26396/17540/105675/23797/16438/14678/11549/18018/110157/19877/73181/67972/207728/11739/60596/12289/19045/14682/20541/18160/11928/11555/11931/11539/54611/12288/11515/13618/17258/12314/53313/70405/104110/16523/384783",71
"Environmental Information Processing","Signal transduction","mmu04392","Hippo signaling pathway - multiple species - Mus musculus (house mouse)","17/2766","27/9709",0.62962962962963,2.21007739482071,3.97401845929889,0.000196969631251143,0.00141231416450287,0.000794054504483889,"232157/213391/50523/21678/319710/16475/101543/329628/21676/73246/18016/233651/21677/97064/22601/215653/21679",17
"Metabolism","Glycan biosynthesis and metabolism","mmu00512","Mucin type O-glycan biosynthesis - Mus musculus (house mouse)","19/2766","32/9709",0.59375,2.08413548445409,3.87708718422573,0.000251607277231977,0.00175283061666017,0.000985505266277779,"230145/14423/20446/233733/171212/20448/20442/14537/94192/108150/20447/59048/20444/72297/14426/14425/218476/108760/78754",19
"Cellular Processes","Cell growth and death","mmu04115","p53 signaling pathway - Mus musculus (house mouse)","36/2766","75/9709",0.48,1.6848590021692,3.75790561970783,0.000254862611917948,0.00175283061666017,0.000985505266277779,"68428/12043/12534/12649/268697/12367/55948/434175/140742/20437/20135/21825/11920/12442/22059/16000/64058/21933/12521/13197/17246/12444/12370/71361/12571/29870/29813/16009/20724/12575/12452/12371/14102/12448/12122/12443",36
"Human Diseases","Infectious disease: viral","mmu05163","Human cytomegalovirus infection - Mus musculus (house mouse)","98/2766","254/9709",0.385826771653543,1.35429939478823,3.61138584341196,0.000280002023101755,0.00188721363570583,0.00106106029806981,"18019/15015/100529082/11651/16416/231991/15006/20312/18750/11512/110557/18709/12367/13555/14672/26427/14673/18795/432530/15040/18752/14696/14972/14700/19878/16410/16801/13712/15007/69632/22059/16439/242705/69717/104111/19217/15018/19225/12767/13685/18749/78284/14991/13649/16440/26396/66066/23797/17246/16438/12370/14678/18018/19303/110157/12571/19877/73181/21926/14707/14701/22033/14702/19216/18033/14682/74769/20663/18706/26399/14082/20296/15013/12575/12371/19229/11515/16193/14102/21354/14997/12314/70405/14681/104110/19094/12122/17869/12010/14963/19766/14708/21355/16194/12443/26415/170758/14704",98
"Human Diseases","Cancer: specific types","mmu05215","Prostate cancer - Mus musculus (house mouse)","45/2766","100/9709",0.45,1.57955531453362,3.67682690602512,0.000300637410066866,0.00198656484691243,0.00111691917052706,"13645/11651/12043/231991/14182/14183/71785/18709/13555/12576/26427/16001/11835/18590/18792/109880/22059/242705/16000/21414/78284/13649/26396/23797/17246/54635/20732/110157/12914/18591/21802/18033/74769/20663/18706/50528/12575/12371/18596/21417/18791/12448/21415/13876/12443",45
"Organismal Systems","Endocrine system","mmu04925","Aldosterone synthesis and secretion - Mus musculus (house mouse)","46/2766","103/9709",0.446601941747573,1.56762771237425,3.65534438976029,0.000320037872662736,0.00203495779410079,0.00114412744943977,"11941/231991/20778/18750/11512/14672/26427/18795/381290/75292/109305/432530/52163/15370/18754/18752/269060/20845/18760/16439/104111/18749/78284/16440/12325/16438/67972/207728/18227/101540/12289/14682/18160/11928/12326/11931/12288/16890/11515/12291/11606/12314/215303/70405/104110/12322",46
"Human Diseases","Cardiovascular disease","mmu05414","Dilated cardiomyopathy - Mus musculus (house mouse)","46/2766","103/9709",0.446601941747573,1.56762771237425,3.65534438976029,0.000320037872662736,0.00203495779410079,0.00114412744943977,"16398/16416/13527/12297/11512/16402/320910/432530/16905/20649/326618/16651/20650/16410/110891/16404/22003/16000/11938/16399/104111/18749/22004/16400/13726/16412/12293/12298/104099/12295/21926/109700/12289/13138/20541/24051/12288/11515/11606/241226/53313/16772/104110/20392/192897/13346",46
"Metabolism","Glycan biosynthesis and metabolism","mmu00604","Glycosphingolipid biosynthesis - ganglio series - Mus musculus (house mouse)","11/2766","15/9709",0.733333333333333,2.57409014220294,3.85071263576358,0.000406083606996881,0.00250493607284862,0.00140836636924177,"11416/15212/20448/20442/15211/12091/20447/20444/20454/14421/54218",11
"Human Diseases","Infectious disease: viral","mmu05161","Hepatitis B - Mus musculus (house mouse)","67/2766","164/9709",0.408536585365854,1.43401363243567,3.53797465746963,0.000408817459960457,0.00250493607284862,0.00140836636924177,"18019/16179/12428/11651/12043/231991/20850/18750/18709/12367/22630/13555/54411/26427/12364/11799/22631/18752/13655/100039786/20851/230073/13712/109880/22059/242705/228607/78284/26397/26396/142980/21898/23797/12370/18018/110157/15530/12914/26401/73181/21926/117149/18033/74769/20663/24088/18706/26399/20847/71586/14082/13654/12575/12371/22034/19229/16193/14102/16453/110957/54123/13205/12448/19094/12122/17869/26415",67
"Organismal Systems","Endocrine system","mmu04921","Oxytocin signaling pathway - Mus musculus (house mouse)","63/2766","153/9709",0.411764705882353,1.44534473225299,3.50446198748804,0.000467441170997486,0.00281299418975273,0.00158156787179601,"18019/108097/12297/18750/11512/105787/18795/432530/52163/19735/329251/18752/230103/19878/108079/13712/16439/17904/17931/54720/234889/104111/19225/54195/18749/98932/13649/17260/107589/16440/26396/18430/12325/13631/16438/12494/14678/12293/12298/18018/110157/12295/19877/73181/23938/60596/12289/19045/14682/18160/12326/12575/12288/11515/12314/215303/70405/14681/104110/12322/16518/12443/211480",63
"Human Diseases","Cancer: overview","mmu05230","Central carbon metabolism in cancer - Mus musculus (house mouse)","33/2766","69/9709",0.478260869565217,1.67875444056714,3.57121585761713,0.000493509004494673,0.00291776376341587,0.00164047314513465,"68263/18641/11651/14182/14183/18597/18709/269951/15277/15926/16828/18213/56421/22059/228026/14381/14380/14660/13649/20514/20525/26396/23797/110157/18648/74769/14184/18706/16590/80879/18596/20539/17869",33
"Human Diseases","Drug resistance: antineoplastic","mmu01521","EGFR tyrosine kinase inhibitor resistance - Mus musculus (house mouse)","37/2766","80/9709",0.4625,1.62343185104845,3.53395305288327,0.000527083713434517,0.00306253812805918,0.0017218705702035,"13645/14456/11651/12043/18750/14183/71785/14388/18709/16001/12125/18752/18590/211323/109880/16000/13685/13649/26396/26362/216148/23797/54635/110157/18591/21802/234779/74769/20663/13867/14184/18706/18596/16193/16542/271849/16194",37
"Human Diseases","Infectious disease: parasitic","mmu05146","Amoebiasis - Mus musculus (house mouse)","47/2766","108/9709",0.435185185185185,1.52755349347902,3.47966580468235,0.000566802312682651,0.00323749795549243,0.0018202393627632,"15507/18750/18709/12367/14825/14672/12479/18795/432530/20723/22330/330122/16774/18752/16779/60595/94216/20310/14676/20719/12830/109711/12475/18749/16775/16782/21898/226519/12826/12827/226421/21926/11847/18033/14682/74769/24088/18706/20708/16193/16776/16777/16772/16780/11846/69379/14268",47
"Human Diseases","Neurodegenerative disease","mmu05016","Huntington disease - Mus musculus (house mouse)","114/2766","308/9709",0.37012987012987,1.29920134095839,3.36797808246555,0.000615259249561994,0.0034557061183732,0.00194292394598524,"11946/54405/22272/227197/231991/19017/28080/17708/14775/17706/22151/17711/17705/12064/12367/11740/11947/20656/26427/11951/228033/18795/66445/12858/69590/16574/17995/66046/13385/12866/12861/20655/66694/67264/12868/17721/16593/66142/641340/68197/66420/11950/69920/67126/66108/22059/232910/73916/66043/230075/78330/12859/66945/70316/67003/68202/67273/17722/78284/66916/66218/407785/22142/75406/105675/333182/12857/14778/16438/105000/12370/110323/11772/11957/12914/12757/100042503/17991/215114/17992/66091/11739/330355/623286/72900/66152/67305/14682/16572/19016/53623/22123/227058/17993/68342/29869/11949/67951/66377/12371/66925/57296/22146/100041273/68194/72504/110084/12865/51897/66414/22227/15114/12867/20511",114
"Human Diseases","Infectious disease: viral","mmu05170","Human immunodeficiency virus 1 infection - Mus musculus (house mouse)","92/2766","241/9709",0.381742738589212,1.33996393671824,3.37310325259966,0.000640361951499309,0.00353773733861094,0.00198904488817732,"18019/16179/15015/100529082/11651/12043/15006/12632/18481/18750/12534/12649/268697/110557/18709/12367/14672/12532/434175/15040/18752/14696/14972/14700/16886/11920/12234/12442/15007/319236/16439/69717/15018/12767/70584/14991/26397/16440/26396/11764/21898/66066/23797/16438/12370/252903/14678/18018/19303/11769/110157/11768/73181/21926/12631/14707/14701/22033/234779/14702/18033/14682/74769/24088/18706/26399/14082/11766/15013/12371/22034/19229/69550/14102/21354/14997/12314/108012/70405/667823/14681/19094/12122/12010/14963/19766/14708/21355/26415/170758/14704/67923",92
"Metabolism","Global and overview maps","mmu01240","Biosynthesis of cofactors - Mus musculus (house mouse)","62/2766","152/9709",0.407894736842105,1.43176066522054,3.38626907336829,0.000692494578351715,0.00376404311136335,0.00211628224284055,"56738/22169/331026/56749/11647/18104/110006/13382/107508/14854/18103/54391/18102/12036/54369/211347/226139/11637/12892/69568/108037/110119/223646/13361/22247/14287/56316/11564/15288/54128/268566/66454/69719/52064/11636/17025/216134/71743/192185/103711/51797/56248/108841/71883/66588/18041/77974/232087/75735/67417/319945/70383/106564/20425/12850/72535/71147/22235/22276/63857/29807/11639",62
"Organismal Systems","Immune system","mmu04611","Platelet activation - Mus musculus (house mouse)","53/2766","126/9709",0.420634920634921,1.47648027637182,3.39779243867558,0.000704960513119731,0.00377097925271983,0.00212018199434506,"19224/16398/11651/16416/232906/22323/11512/67268/18709/18795/109305/432530/19878/16801/20619/109905/69632/16439/17931/234889/16399/104111/54195/21894/19091/18749/107589/16440/23797/16438/16412/14678/14360/99571/19877/14065/60596/14723/19395/234779/19045/14682/74769/22371/18706/20963/14061/11515/14724/20866/104110/19094/26415",53
"Organismal Systems","Circulatory system","mmu04270","Vascular smooth muscle contraction - Mus musculus (house mouse)","59/2766","144/9709",0.409722222222222,1.43817536354142,3.34352137220976,0.000807750137727733,0.00425330931897259,0.00239136553932553,"66350/18750/11512/14672/14673/18795/432530/53357/18754/329251/18752/230103/13617/19878/16801/16531/109880/69632/16439/17904/17931/234889/109624/104111/54195/11535/19091/18749/98932/17880/11475/107589/16440/26396/17540/11468/12310/16438/51801/18755/11549/110157/13614/19877/60596/12289/19045/14682/18160/77579/12288/17886/11515/11606/12314/54140/70405/104110/18761",59
"Metabolism","Carbohydrate metabolism","mmu00520","Amino sugar and nucleotide sugar metabolism - Mus musculus (house mouse)","26/2766","52/9709",0.5,1.75506146059291,3.44572210534126,0.00082587060572831,0.00428182144816062,0.00240739609766957,"331026/14583/15212/67980/67311/14584/94181/72017/15277/107652/110119/218138/50798/74246/15211/54128/109785/54342/22122/66681/67883/227620/69976/12764/22235/12763",26
"Metabolism","Global and overview maps","mmu01230","Biosynthesis of amino acids - Mus musculus (house mouse)","36/2766","79/9709",0.455696202531646,1.59954968560367,3.37709261228319,0.00087690501114085,0.00447753013264343,0.00251743065399287,"209027/69051/12974/18641/433182/11428/13806/11429/56454/71832/109652/12036/14718/269951/11898/18563/27053/18655/21881/15926/66646/108037/56421/11676/21991/18648/108682/11847/109900/21351/13808/232087/20425/236539/11846/107869",36
"Organismal Systems","Endocrine system","mmu04914","Progesterone-mediated oocyte maturation - Mus musculus (house mouse)","41/2766","93/9709",0.440860215053763,1.54747354589913,3.34830317602866,0.000909021992314504,0.00457224494641773,0.00257068277480928,"12428/12530/11651/20878/12534/11512/268697/18709/12235/18817/12532/16001/110033/56150/432530/434175/20868/208922/12442/109880/20112/16000/104111/18749/268930/75430/23797/14678/66156/110157/110651/74769/20111/18706/18667/11515/71890/104110/19094/26415/231207",41
"Human Diseases","Neurodegenerative disease","mmu05022","Pathways of neurodegeneration - multiple diseases - Mus musculus (house mouse)","168/2766","481/9709",0.349272349272349,1.2259888789173,3.20865631905755,0.000953863082056774,0.00472723321548725,0.00265782282926036,"18391/11946/54405/22272/227197/12043/22433/18750/28080/17708/103199/14775/17706/22151/17711/17705/12333/12064/12367/11740/11947/11951/228033/18795/66445/12364/12858/19324/69590/16574/17995/66046/13385/12866/18752/12861/12669/20655/66694/11820/67264/12868/22213/17721/16593/66142/73205/641340/53333/68197/12369/11950/50490/67126/66108/67819/109880/16973/73916/16439/66043/140499/230075/78330/12859/66945/13666/11938/70316/67003/19225/68202/67273/12334/17722/66916/22420/66218/26397/407785/16440/22142/26396/75406/12325/105675/333182/14369/12857/14362/215999/14778/17762/14365/16438/105000/22186/93897/12370/110323/11957/110157/22411/100042503/21926/17991/215114/17992/66091/11739/66725/330355/623286/72900/12289/66152/67305/57265/18033/14682/16572/53623/22123/227058/17993/26399/23805/68342/19122/14082/29869/22409/11949/67951/12288/66377/12371/20743/67847/22419/12006/16193/66925/14102/57296/22146/100041273/12314/12569/53313/68194/66734/68943/110084/70405/12865/51897/66414/27412/19094/12122/12322/15114/12867/14371/50873/26415/20238",168
"Cellular Processes","Transport and catabolism","mmu04148","Efferocytosis - Mus musculus (house mouse)","65/2766","163/9709",0.398773006134969,1.39974226918453,3.24848263636001,0.00105779686498115,0.00516634121012533,0.00290470535006266,"14456/18019/105722/16416/140580/20312/12367/192654/11980/53357/20393/66694/21825/16410/12369/17164/20698/19261/18263/18514/19247/22174/212555/12491/11938/19217/19225/171284/228432/16889/20525/26396/26362/12325/78070/226421/18018/238257/73181/19128/17304/16971/11847/71345/19016/11303/235584/77573/13537/12362/13609/380713/93759/53313/13435/19329/192187/19094/12322/11846/70686/26415/12215/50770/18613",65
"Cellular Processes","Cell growth and death","mmu04114","Oocyte meiosis - Mus musculus (house mouse)","51/2766","123/9709",0.414634146341463,1.45541682097949,3.20819161847293,0.00129438909327197,0.00621112941881859,0.00349212336525799,"20878/12534/11512/268697/107995/105988/22630/12235/18817/12532/16001/56150/432530/434175/11835/22631/72415/100039786/208922/12234/12442/16439/20112/67141/16000/104111/18749/16440/12325/268930/75430/16438/66156/19053/26932/110651/19045/20111/18667/11515/12314/50878/70405/12448/24061/71890/104110/19094/12322/26415/231207",51
"Cellular Processes","Cellular community - eukaryotes","mmu04540","Gap junction - Mus musculus (house mouse)","38/2766","86/9709",0.441860465116279,1.55098454657048,3.23929715963375,0.00130857622770362,0.00621112941881859,0.00349212336525799,"13645/18750/12534/11512/71785/22151/14672/18795/14745/432530/26405/18752/18590/16439/234889/104111/54195/19091/18749/13649/16440/22142/26396/14609/16438/14678/54635/110157/18591/23938/60596/14682/20663/67951/18596/11515/22146/104110",38
"Metabolism","Amino acid metabolism","mmu00330","Arginine and proline metabolism - Mus musculus (house mouse)","26/2766","54/9709",0.481481481481481,1.69005918427466,3.20940459736779,0.00167585170707916,0.00784391701785663,0.00441013607126095,"209027/69051/66054/17161/56454/14718/20603/67432/242669/66988/67092/12709/100041585/18263/11702/69215/67217/20810/109731/11847/14431/18451/228608/72535/11846/18242",26
"Genetic Information Processing","Replication and repair","mmu03030","DNA replication - Mus musculus (house mouse)","19/2766","36/9709",0.527777777777778,1.8525648750703,3.23456201198576,0.00181589547026744,0.00837358306837265,0.00470793363206958,"14156/18973/17218/16881/17216/17219/67967/19075/327762/106344/17215/72151/18969/59001/68209/18972/17220/67153/19891",19
"Human Diseases","Drug resistance: antineoplastic","mmu01522","Endocrine resistance - Mus musculus (house mouse)","40/2766","93/9709",0.43010752688172,1.50973028868208,3.11746851934041,0.0018466637015965,0.00837358306837265,0.00470793363206958,"11651/12043/11512/18709/13555/12576/16001/432530/59035/109880/22059/242705/16000/104111/16449/15200/18749/13649/26396/13388/216148/23797/17246/16450/110157/74769/20663/18706/12575/18131/54485/11515/104110/19094/12124/271849/17390/13982/12443/26415",40
"Organismal Systems","Endocrine system","mmu04923","Regulation of lipolysis in adipocytes - Mus musculus (house mouse)","27/2766","57/9709",0.473684210526316,1.66268980477223,3.16706115460756,0.00186355706269421,0.00837358306837265,0.00470793363206958,"19224/11651/11512/18709/67469/66853/225845/432530/104111/19225/19091/18749/23797/14678/74769/18160/18706/11555/23945/11539/16890/11515/11770/109648/104110/384783/18166",27
"Environmental Information Processing","Signal transduction","mmu04014","Ras signaling pathway - Mus musculus (house mouse)","88/2766","236/9709",0.372881355932203,1.30885939434048,3.03172941460379,0.00190263596147189,0.00842550921671034,0.00473712840545951,"217944/13645/11651/66350/18481/18750/14182/14183/13836/71785/14388/225870/12064/18709/23871/17311/14164/20130/16001/240057/225845/13640/53357/18752/14696/11350/14700/18590/109905/13712/16706/19247/14256/18654/16000/54354/54153/70584/18749/13649/26396/19730/216148/66066/23797/22341/18049/19414/54635/110157/14186/11600/18591/21802/14389/14707/13639/14701/78405/19395/234779/14702/19415/18033/74769/20663/11352/18212/18805/14184/18706/16590/14171/18596/19731/16542/12314/54601/21687/70405/14254/16002/271849/14708/170758/14178/14704/21844",88
"Cellular Processes","Transport and catabolism","mmu04144","Endocytosis - Mus musculus (house mouse)","99/2766","270/9709",0.366666666666667,1.28704507110147,3.01916168954356,0.00192511634921868,0.00842550921671034,0.00473712840545951,"13132/54198/15015/54189/100529082/66251/107338/15006/30948/14183/110557/259300/245666/55988/22042/228998/12389/26431/106572/14773/16001/234353/77407/15040/16574/12402/19326/14972/19157/69710/70432/232227/215445/15007/232910/330319/73728/69717/347722/15018/12767/57440/14991/13649/216859/14275/99371/72685/268451/22365/330192/17246/78618/13854/93742/11772/18719/74192/225861/16004/56443/14186/230597/434782/15511/12757/110355/14772/27965/98878/15482/67588/193740/11867/16572/22088/216869/12345/17999/18805/14184/58220/77038/15013/227700/194309/22034/75767/27681/14997/58194/19341/66713/106952/73711/14963/80794/13196/67064",99
"Cellular Processes","Cell growth and death","mmu04210","Apoptosis - Mus musculus (house mouse)","54/2766","135/9709",0.4,1.40404916847433,2.98381421829855,0.00248333314702888,0.0107292726993427,0.00603238821140618,"64138/13032/11651/12043/12333/18709/12367/12364/11799/16905/12125/13033/19249/11920/12369/26926/16907/22059/16439/13666/13804/21933/12334/20740/16440/22142/26396/229445/13197/23797/16438/12370/18049/13036/22029/110157/21926/18033/74769/11796/53859/18706/14082/56464/12371/18952/12633/14102/22146/12045/69601/12122/19766/16188",54
"Genetic Information Processing","Folding, sorting and degradation","mmu03060","Protein export - Mus musculus (house mouse)","21/2766","42/9709",0.5,1.75506146059291,3.09512703578119,0.00255877257617541,0.0109152703565964,0.00613696287423816,"67398/53421/20818/66286/66384/217337/140740/66212/76687/27058/24067/100101806/20335/665155/66661/66624/66320/69089/71446/76976/93757",21
"Human Diseases","Cancer: specific types","mmu05223","Non-small cell lung cancer - Mus musculus (house mouse)","32/2766","72/9709",0.444444444444444,1.56005463163815,3.01053098213132,0.00272279068437944,0.0114697557579484,0.0064487147787934,"13645/11651/20850/18750/18709/13555/16574/18752/20851/218772/109880/22059/242705/54354/13649/26396/13197/23797/110157/12571/21802/234779/74769/16572/20663/27015/18706/14198/12575/12371/16453/12443",32
"Metabolism","Carbohydrate metabolism","mmu00020","Citrate cycle (TCA cycle) - Mus musculus (house mouse)","17/2766","32/9709",0.53125,1.86475280187997,3.09253045746435,0.00285781227219232,0.0118899103176397,0.00668494098758438,"68263/104112/235339/12974/17449/11428/13382/18597/11429/71832/269951/18563/15926/66945/20917/56451/66925",17
"Organismal Systems","Digestive system","mmu04970","Salivary secretion - Mus musculus (house mouse)","37/2766","87/9709",0.425287356321839,1.49281089751581,2.91423548414801,0.00339179586348442,0.0138118283339662,0.00776551335347152,"11941/18750/11512/22318/18795/381290/432530/18752/76113/16531/11936/16439/20544/16534/234889/104111/54195/19091/18749/16440/11830/13010/16438/12494/11549/64177/67972/60596/14682/11928/11555/11931/11515/12314/70405/12182/104110",37
"Environmental Information Processing","Signal transduction","mmu04066","HIF-1 signaling pathway - Mus musculus (house mouse)","47/2766","116/9709",0.405172413793103,1.42220497668736,2.8873039810048,0.00340172626622905,0.0138118283339662,0.00776551335347152,"68263/13645/18641/11651/12043/433182/18750/18597/13806/22042/18709/15979/12576/16001/15277/21857/18752/18655/16828/22041/56421/228026/16000/11676/13685/13649/20525/26396/12325/21898/23797/11600/13614/12914/234779/18033/74769/13808/18706/12575/16193/21687/14254/12322/170768/16194/67923",47
"Organismal Systems","Endocrine system","mmu04924","Renin secretion - Mus musculus (house mouse)","33/2766","76/9709",0.43421052631579,1.52413232104121,2.89523850985493,0.00371194570353563,0.0148919726439465,0.00837280985759917,"11512/11421/18795/109305/13617/16531/16439/229933/234889/19217/54195/18749/12722/16440/16438/80797/14678/13614/60596/12289/14682/18160/11555/11539/54611/12288/11606/229927/18574/11826/12314/70405/16518",33
"Human Diseases","Cancer: specific types","mmu05224","Breast cancer - Mus musculus (house mouse)","57/2766","147/9709",0.387755102040816,1.36106807148022,2.78413809738381,0.00431092761859093,0.0170368985883552,0.00957876540966401,"13645/11651/14182/12189/18709/13555/14164/16001/109880/16973/22059/242705/16000/16449/21414/22420/13649/26396/13388/216148/14369/13197/14362/23797/14365/93897/16450/110157/12571/22411/57265/74769/20663/15213/27015/18706/23805/16590/14171/18667/22409/12575/12190/18131/22419/54485/12006/17977/21415/27412/17869/271849/14371/13982/56198/12443/14178",57
"Genetic Information Processing","Folding, sorting and degradation","mmu04130","SNARE interactions in vesicular transport - Mus musculus (house mouse)","17/2766","33/9709",0.515151515151515,1.80824514121694,2.93541515243371,0.00434769518871972,0.0170368985883552,0.00957876540966401,"20333/12068/67474/68159/56418/20909/74732/56389/22318/71116/20619/56494/13852/67023/53330/53620/224630",17
"Organismal Systems","Nervous system","mmu04722","Neurotrophin signaling pathway - Mus musculus (house mouse)","48/2766","121/9709",0.396694214876033,1.39244545633818,2.74173431000313,0.00505100101128123,0.0194132635409643,0.0109148444084759,"16179/11651/12043/14388/12064/18709/11350/109905/17164/107746/18213/109880/19247/22059/20112/26396/12325/20661/216148/23797/65020/18049/110157/26401/23938/170936/78405/234779/110651/18033/74769/192656/20663/18212/20111/18706/12326/14570/108960/22034/12314/94275/70405/18037/19094/12322/271849/26415",48
"Human Diseases","Infectious disease: bacterial","mmu05135","Yersinia infection - Mus musculus (house mouse)","53/2766","136/9709",0.389705882352941,1.36791555016801,2.72716213124904,0.00512679102015169,0.0194132635409643,0.0109148444084759,"18019/16179/11651/140580/18709/242687/16402/26431/23880/19878/16801/110596/69632/320795/20112/330319/108100/26397/26396/21898/23797/16412/18719/74192/18018/19303/56443/434782/19877/21926/57257/11867/110651/140579/18033/54126/14682/74769/20111/18706/26399/20296/22034/19229/12362/16193/66713/16818/19094/54353/14268/26415/170758",53
"Environmental Information Processing","Signal transduction","mmu04371","Apelin signaling pathway - Mus musculus (house mouse)","54/2766","139/9709",0.388489208633094,1.36364487585636,2.72550066674229,0.00512694497075912,0.0194132635409643,0.0109148444084759,"30878/11651/19017/108097/11512/105787/20130/18795/14219/432530/18754/14696/14700/108079/20698/110891/16439/20544/104111/20750/16449/18749/17260/11475/107589/16440/26396/66066/23797/16438/14678/110157/14707/14701/14702/208727/14682/20541/12326/16890/18131/11515/17258/12314/18791/66734/70405/104110/22227/23796/14708/12443/14704/13653",54
"Organismal Systems","Circulatory system","mmu04260","Cardiac muscle contraction - Mus musculus (house mouse)","37/2766","89/9709",0.415730337078652,1.45926458521209,2.74718441354751,0.00534311641742329,0.0197944279783275,0.0111291489492392,"22272/12297/17708/17711/66445/12858/326618/12866/12861/66694/12868/66142/11936/110891/22003/12859/20544/11938/67003/22004/333182/236727/12857/110323/12293/12298/12295/12289/66152/65973/20541/11928/11931/12288/53313/12865/12867",37
"Organismal Systems","Digestive system","mmu04978","Mineral absorption - Mus musculus (house mouse)","25/2766","55/9709",0.454545454545455,1.59551041872083,2.79533878702714,0.00534508292589852,0.0197944279783275,0.0111291489492392,"11941/14319/244698/22337/20529/381290/320718/72027/20531/18174/53945/22041/11936/20537/11979/110891/70358/64177/67972/12724/20541/11928/11931/11927/171429",25
"Human Diseases","Cancer: specific types","mmu05218","Melanoma - Mus musculus (house mouse)","31/2766","72/9709",0.430555555555556,1.51130292439945,2.74846989597516,0.00561862888478519,0.0205812818931805,0.0115715469023036,"13645/11651/14182/71785/18709/13555/14164/16001/18590/109880/22059/242705/16000/13649/26396/13197/23797/17246/54635/110157/12571/18591/74769/27015/18706/14171/12575/18596/17342/12443/14178",31
"Human Diseases","Infectious disease: viral","mmu05160","Hepatitis C - Mus musculus (house mouse)","63/2766","167/9709",0.377245508982036,1.32417810799226,2.66710185714627,0.00579783673198437,0.0209655575085975,0.0117876006607763,"13645/11651/20778/18709/12367/22630/13555/12520/22631/100039786/230073/109880/53624/22059/242705/228607/13666/58187/12740/18260/23961/13649/26396/54420/142980/23797/24014/12370/58185/110157/12571/17858/12737/19053/21926/19192/12739/18033/74769/20663/18706/20847/14082/60363/246728/12575/72930/12371/22034/12633/15467/14102/12702/54123/54419/16391/15945/12122/17869/15957/19766/12443/12741",63
"Environmental Information Processing","Signal transduction","mmu04390","Hippo signaling pathway - Mus musculus (house mouse)","60/2766","158/9709",0.379746835443038,1.33295807133639,2.66324461308672,0.00591974901938051,0.0209655575085975,0.0117876006607763,"71228/232157/22630/14164/14219/11799/22631/50523/56217/13385/100039786/14633/21678/319710/12234/16475/12385/101543/21414/17131/22420/14563/21676/14369/14362/73246/14365/93960/12444/93897/93742/18016/17125/19053/16897/22411/20583/19045/57265/21677/11796/97064/12168/22601/23805/58220/22409/12162/12161/72930/22419/12006/72293/21679/21415/12159/217325/17869/14371/12443",60
"Human Diseases","Endocrine and metabolic disease","mmu04931","Insulin resistance - Mus musculus (house mouse)","44/2766","110/9709",0.4,1.40404916847433,2.68989268049587,0.00593315353820031,0.0209655575085975,0.0117876006607763,"100705/11651/231991/14583/19017/108097/105787/18709/26427/14584/21428/26569/20787/18754/108079/19247/20112/210789/12491/110095/78284/20525/23797/228775/21926/58805/20528/110651/19045/18033/74769/26457/110078/20111/18706/170826/19309/16193/11606/12702/105651/74343/18761/384783",44
"Organismal Systems","Nervous system","mmu04725","Cholinergic synapse - Mus musculus (house mouse)","45/2766","113/9709",0.398230088495575,1.39783656153418,2.68482624081498,0.00597895596279469,0.0209655575085975,0.0117876006607763,"11651/12043/231991/18750/11512/18709/14672/26427/18795/432530/18752/12669/14696/14700/16439/104111/18749/78284/16440/16535/12325/66066/23797/16438/14678/14360/14707/14701/14702/12289/14682/74769/18706/12326/12288/11515/12672/14681/104110/12286/12322/16518/14708/14704/211480",45
"Organismal Systems","Aging","mmu04213","Longevity regulating pathway - multiple species - Mus musculus (house mouse)","27/2766","61/9709",0.442622950819672,1.55366096511504,2.7378368501802,0.0060432932484463,0.0209655575085975,0.0117876006607763,"11651/108097/11512/105787/18709/20656/20480/12955/16001/432530/20655/67605/108079/16000/104111/18749/23797/15511/15482/193740/74769/18706/13688/11515/93759/104110/384783",27
"Organismal Systems","Endocrine system","mmu04915","Estrogen signaling pathway - Mus musculus (house mouse)","52/2766","134/9709",0.388059701492537,1.36213725299749,2.66424156739974,0.00609680900843487,0.0209655575085975,0.0117876006607763,"17978/11651/12043/231991/11512/18709/26427/18795/432530/16666/13033/94179/16439/104111/16665/15200/18749/78284/13649/16440/26396/16664/216148/16667/23797/16438/14678/110157/19401/15511/21802/15482/193740/54393/14682/74769/20663/18706/68239/18667/16660/11515/17977/12314/70405/14681/104110/271849/16668/17390/13982/107656",52
"Metabolism","Global and overview maps","mmu01210","2-Oxocarboxylic acid metabolism - Mus musculus (house mouse)","17/2766","34/9709",0.5,1.75506146059291,2.7836438204498,0.00641815348317729,0.0218476537760682,0.0122835473362245,"68263/235339/12974/11428/13382/18597/11429/71832/109652/12036/14718/269951/13171/15926/12039/108682/209692",17
"Genetic Information Processing","Replication and repair","mmu03440","Homologous recombination - Mus musculus (house mouse)","20/2766","42/9709",0.476190476190476,1.67148710532658,2.75254135238573,0.00649192431410266,0.021877784938526,0.0123004881740893,"19361/19366/237911/12189/12144/67967/57434/235559/623474/11920/233826/12021/210766/268465/74335/18972/225182/20962/12190/19891",20
"Organismal Systems","Endocrine system","mmu04912","GnRH signaling pathway - Mus musculus (house mouse)","37/2766","90/9709",0.411111111111111,1.44305053426528,2.66518245753097,0.00662933101206695,0.022119649020461,0.0124364729773012,"17387/18750/11512/14672/18795/432530/26405/13712/16439/104111/15200/18749/13649/26397/16440/26396/12325/16438/110157/26401/16866/12289/14682/20663/18805/26399/12288/19229/11515/12314/70405/104110/19094/12322/17390/26415/13653",37
"Human Diseases","Drug resistance: antineoplastic","mmu01523","Antifolate resistance - Mus musculus (house mouse)","15/2766","29/9709",0.517241379310345,1.81558082130301,2.77616780866984,0.00691405545801366,0.0228434969544177,0.0128434466712328,"26357/17250/22171/108037/13361/14287/239273/27416/20509/14275/21926/18033/11684/16193/20425",15
"Organismal Systems","Digestive system","mmu04974","Protein digestion and absorption - Mus musculus (house mouse)","43/2766","108/9709",0.398148148148148,1.39754894084251,2.62217475997507,0.0071273308929792,0.0231427905480349,0.0130117204393137,"12814/17380/12839/50934/12840/94216/13482/11936/110891/20540/12841/12816/16534/12830/373864/20514/16535/237759/12826/12827/12836/12833/12822/53867/12818/12834/12821/16529/20541/329941/13717/12832/20510/11928/11931/12831/234967/107581/77018/20532/67760/12819/12815",43
"Organismal Systems","Immune system","mmu04062","Chemokine signaling pathway - Mus musculus (house mouse)","71/2766","193/9709",0.367875647668394,1.29128874302691,2.57983855196897,0.00714198877446776,0.0231427905480349,0.0130117204393137,"11651/140580/20312/11512/18709/14825/56838/18795/14773/432530/330122/14696/20851/14700/19878/109905/20310/109880/20300/104111/12767/18749/20311/20297/18829/20308/216148/66066/23797/20306/93742/14678/57266/19303/110157/20309/19877/110355/14772/57257/14707/14701/19395/234779/14702/100039863/18033/14682/74769/20663/216869/18706/20847/20296/20305/20301/17969/15162/277360/19229/11515/16453/100041579/104110/14191/15945/271849/14708/170758/14704/21844",71
"Human Diseases","Cancer: specific types","mmu05220","Chronic myeloid leukemia - Mus musculus (house mouse)","32/2766","76/9709",0.421052631578947,1.47794649313088,2.64011402657577,0.00736856477494955,0.023649584087219,0.0132966582405105,"11651/20850/18709/13555/12576/12402/11350/20851/109880/19247/22059/242705/26396/216148/13197/23797/17246/12394/110157/12571/14389/13017/18033/74769/20663/27015/18706/12575/14013/17869/271849/12443",32
"Metabolism","Amino acid metabolism","mmu00260","Glycine, serine and threonine metabolism - Mus musculus (house mouse)","19/2766","40/9709",0.475,1.66730838756327,2.66921273526201,0.00815602059678648,0.0259299900105381,0.0145787855751893,"68133/104174/13382/17161/67092/108037/11754/76238/19193/18648/14711/109731/237940/14431/434437/20425/236539/192166/107869",19
"Human Diseases","Cardiovascular disease","mmu05418","Fluid shear stress and atherosclerosis - Mus musculus (house mouse)","56/2766","148/9709",0.378378378378378,1.32815461882707,2.53907254272213,0.00832257372467524,0.0262122181795847,0.0147374645395135,"11651/16416/12043/18104/105787/16800/18709/12389/11898/108079/16410/18590/56615/14862/22059/63873/56551/16399/17260/23797/13057/13614/18591/21926/11477/23938/21824/18033/74769/12168/14871/22329/18706/26399/68312/14872/20296/17969/16542/15894/17258/12314/18791/12562/14866/70405/20339/12159/17970/14733/19094/18024/17390/26415/170758/18613",56
"Environmental Information Processing","Signal transduction","mmu04152","AMPK signaling pathway - Mus musculus (house mouse)","49/2766","127/9709",0.385826771653543,1.35429939478823,2.53665600548221,0.00861548946302253,0.0268835180466536,0.0151148937947764,"14104/100705/107476/18641/12428/11651/231991/19017/108097/105787/20250/18709/26427/16001/20787/20249/329065/19326/12683/67605/108079/56421/12491/16000/19054/13685/78284/23797/13631/78070/11549/19053/20528/26932/74769/19016/68465/18640/18706/270198/56690/72930/16890/93759/18639/74343/384783/170768/12443",49
"Human Diseases","Neurodegenerative disease","mmu05014","Amyotrophic lateral sclerosis - Mus musculus (house mouse)","128/2766","375/9709",0.341333333333333,1.1981219570981,2.4696291012452,0.00869698329170053,0.026888838250487,0.0151178850073017,"18391/11946/54405/22272/227197/12043/22433/110379/28080/18643/17708/103199/14775/17706/22151/17711/17705/12367/11947/11951/228033/66445/12364/12858/19324/69590/94232/16574/17995/66046/12866/15185/12861/103172/11744/20655/66694/67264/12868/17721/16593/56085/66142/73205/641340/53333/68197/211323/11950/67126/66108/67819/18226/22059/66043/230075/78330/12859/69912/66945/13666/70316/67003/68202/67273/17722/66916/66218/26397/407785/16440/22142/75406/72787/333182/12857/215999/14778/105000/110323/11957/69482/77595/100042503/21926/17991/17992/66091/330355/54563/623286/72900/225027/66152/67305/16572/22123/227058/17993/26399/68342/29869/11949/18645/67951/66377/12371/237082/12362/66925/57296/22146/100041273/68194/66734/68943/110084/170722/12865/51897/66414/19094/12122/15114/12867/50873/26415/20511",128
"Metabolism","Glycan biosynthesis and metabolism","mmu00514","Other types of O-glycan biosynthesis - Mus musculus (house mouse)","20/2766","43/9709",0.465116279069767,1.63261531217945,2.62402471418253,0.00894053641697118,0.0273607730391072,0.015383223948272,"230145/14423/14595/233733/20440/171212/268880/269132/26433/101351/94192/108150/59048/224143/14426/14425/53418/108760/78754/17305",20
"Organismal Systems","Excretory system","mmu04964","Proximal tubule bicarbonate reclamation - Mus musculus (house mouse)","12/2766","22/9709",0.545454545454545,1.914612502465,2.71063607167313,0.00901200536302937,0.0273607730391072,0.015383223948272,"17449/12351/76257/27376/11936/14660/12349/14661/54403/11928/11931/11826",12
"Metabolism","Amino acid metabolism","mmu00280","Valine, leucine and isoleucine degradation - Mus musculus (house mouse)","25/2766","57/9709",0.43859649122807,1.53952759701133,2.57845659013967,0.00927035687382632,0.0278938416649953,0.0156829345609844,"74147/17850/13382/110460/224530/93747/110821/66948/66885/12036/110446/15107/13171/66904/12039/100470/257633/56357/78038/208982/78894/15356/11761/268860/72535",25
"Environmental Information Processing","Signal transduction","mmu04150","mTOR signaling pathway - Mus musculus (house mouse)","59/2766","158/9709",0.373417721518987,1.31074210348078,2.48554489108126,0.00944483486930862,0.028167339389,0.0158367049508668,"11651/110379/18750/105787/66335/18709/16001/14245/20393/18752/67605/109270/71962/108079/109880/16973/20112/16000/13685/66508/22420/26396/320311/14369/14362/23797/14365/93897/11973/110157/68775/71718/22411/80909/21926/83409/216805/110651/57265/74769/20663/110935/20111/108664/18706/29869/22409/66290/11966/22419/245670/66096/73834/20539/66237/14371/72446/52187/97998",59
"Environmental Information Processing","Signal transduction","mmu04330","Notch signaling pathway - Mus musculus (house mouse)","27/2766","63/9709",0.428571428571429,1.50433839479393,2.53475545788149,0.0100809336261118,0.0294044749654632,0.0165322676676039,"80904/270118/208117/20602/67122/433586/16449/103806/74198/13388/16450/18223/12914/59287/14357/19664/13017/15213/66935/68318/18131/54485/21885/207521/56198/20238/17305",27
"Organismal Systems","Endocrine system","mmu04929","GnRH secretion - Mus musculus (house mouse)","27/2766","63/9709",0.428571428571429,1.50433839479393,2.53475545788149,0.0100809336261118,0.0294044749654632,0.0165322676676039,"11651/18750/18709/14672/18795/18752/16439/16534/20750/16440/26396/23797/16438/110157/16866/12289/54393/14682/74769/216869/18706/114229/140492/12288/12291/15168/22063",27
"Human Diseases","Endocrine and metabolic disease","mmu04933","AGE-RAGE signaling pathway in diabetic complications - Mus musculus (house mouse)","40/2766","101/9709",0.396039603960396,1.39014769155874,2.48765769361251,0.0102071920573209,0.0294044749654632,0.0165322676676039,"11651/12043/18799/20850/18750/18709/12367/12576/18795/18754/20851/94216/50490/12830/23797/22341/12826/12827/18018/13614/21926/21824/234779/18033/74769/22329/18706/20296/16193/11606/15894/14066/20339/19094/17390/14268/12443/26415/18802/13653",40
"Metabolism","Glycan biosynthesis and metabolism","mmu00563","Glycosylphosphatidylinositol (GPI)-anchor biosynthesis - Mus musculus (house mouse)","15/2766","30/9709",0.5,1.75506146059291,2.61423771209042,0.010238936589529,0.0294044749654632,0.0165322676676039,"14755/14731/56176/233575/55981/225651/18700/433931/67063/14756/56703/67292/54218/327942/66268",15
"Organismal Systems","Nervous system","mmu04724","Glutamatergic synapse - Mus musculus (house mouse)","45/2766","116/9709",0.387931034482759,1.36168561597726,2.4734344134854,0.0102959289196577,0.0294044749654632,0.0165322676676039,"18750/11512/76257/18795/26558/432530/13385/18752/14696/14700/16439/104111/18749/14660/16440/66066/14807/16438/14678/110355/14707/14701/14702/12289/14682/53623/18805/20510/26557/224997/12288/11515/26556/22063/58234/210274/14681/104110/12286/72961/67760/241638/14708/20511/14704",45
"Environmental Information Processing","Membrane transport","mmu02010","ABC transporters - Mus musculus (house mouse)","23/2766","52/9709",0.442307692307692,1.55255436898604,2.52158122614682,0.0109324545471605,0.0307019765199425,0.0172617703376219,"26357/74104/17250/56325/239273/27416/192663/27410/217265/11666/74610/19300/11306/20928/18669/56199/11303/27403/21354/18671/27404/11307/21355",23
"Genetic Information Processing","Replication and repair","mmu03460","Fanconi anemia pathway - Mus musculus (house mouse)","23/2766","52/9709",0.442307692307692,1.55255436898604,2.52158122614682,0.0109324545471605,0.0307019765199425,0.0172617703376219,"19361/237911/12189/211651/12144/14087/67030/230484/208836/233826/74386/223970/69928/268465/237211/71718/20892/26447/193838/27015/12190/101831/19891",23
"Human Diseases","Cancer: overview","mmu05203","Viral carcinogenesis - Mus musculus (house mouse)","81/2766","228/9709",0.355263157894737,1.24701735357918,2.38223830678915,0.0116035285485422,0.0323172654616423,0.0181699446606141,"15015/12428/20807/100529082/231991/15006/20850/12534/12649/110557/107995/56463/18709/12367/22630/12576/26427/22631/15040/56233/15185/13655/14972/19650/100039786/60595/11972/20851/234729/227753/83945/17164/16195/15007/22059/66973/69717/15018/109711/18749/78284/14991/12266/17246/12444/12370/19303/22029/12571/319160/12914/20684/170787/19385/22033/18970/208727/19664/18033/74769/319161/18706/20963/13654/15013/12575/20259/319158/14997/16453/110957/54123/13205/12448/16391/14963/665596/319179/319187/12443/665622",81
"Human Diseases","Cancer: specific types","mmu05213","Endometrial cancer - Mus musculus (house mouse)","25/2766","58/9709",0.431034482758621,1.51298401775251,2.47314205607874,0.0119703145249944,0.0330655409419926,0.0185906524115529,"13645/11651/18709/13712/109880/22059/12385/21414/13649/26396/13197/23797/110157/16202/74769/20663/27015/18706/23805/12575/12371/12006/21415/17869/12443",25
"Metabolism","Carbohydrate metabolism","mmu00620","Pyruvate metabolism - Mus musculus (house mouse)","20/2766","44/9709",0.454545454545455,1.59551041872083,2.49880382584722,0.0120813091311651,0.0331008225788833,0.0186104890338872,"68263/100705/235339/107476/60525/17449/13382/110460/224530/18597/110446/18563/16828/17436/68738/66204/76238/109264/14651/72535",20
"Organismal Systems","Endocrine system","mmu04935","Growth hormone synthesis, secretion and action - Mus musculus (house mouse)","45/2766","117/9709",0.384615384615385,1.35004727737916,2.40426558006887,0.0122118670764271,0.0331887032641607,0.0186598987585473,"11651/231991/20850/18750/11512/18709/14672/26427/18795/432530/18752/20851/16005/16439/16000/104111/18749/78284/26397/16440/26396/216148/23797/16438/14678/110157/12703/12914/26401/234779/12289/14682/74769/20663/16009/18706/26399/12288/11515/12702/104110/19094/384783/271849/26415",45
"Metabolism","Energy metabolism","mmu00920","Sulfur metabolism - Mus musculus (house mouse)","7/2766","11/9709",0.636363636363636,2.23371458620916,2.58396925050963,0.0160869676850047,0.0433704648787726,0.0243844562804281,"23972/23827/20342/66071/22117/20341/246221",7
"Human Diseases","Infectious disease: viral","mmu05169","Epstein-Barr virus infection - Mus musculus (house mouse)","80/2766","228/9709",0.350877192982456,1.23162207760906,2.23376608154592,0.0167045825988506,0.0446781296493069,0.0251196730809784,"16179/12505/15015/12428/100529082/11651/12043/15006/110557/18709/12367/13555/12576/15040/20602/12495/12125/14972/230073/15007/22059/242705/228607/69717/15018/23961/14991/22352/26397/13197/23797/17246/12444/12370/12571/21926/22033/234779/19664/18033/74769/27015/17999/66935/21929/53859/22123/24088/18706/26399/20847/14082/20963/246728/215446/15013/12575/12371/22034/16193/14102/57296/21354/14997/15894/16453/54123/12448/18037/19094/16391/15945/12122/17869/12010/14963/19766/21355/12443/26415",80
