"","category","subcategory","ID","Description","GeneRatio","BgRatio","RichFactor","FoldEnrichment","zScore","pvalue","p.adjust","qvalue","geneID","Count"
"mmu00190","Metabolism","Energy metabolism","mmu00190","Oxidative phosphorylation - Mus musculus (house mouse)","83/2793","141/9810",0.588652482269504,2.06755490550083,8.05528839405346,3.33244401205143e-14,1.13969585212159e-11,6.38426115993012e-12,"100041273/100042503/108664/110323/110935/114143/11946/11947/11949/11950/11951/11957/11958/11966/11972/11973/11975/12857/12858/12859/12861/12865/12866/12867/12868/17705/17706/17708/17711/17721/17722/17991/17992/17993/17995/22272/226139/227197/228033/230075/27060/28080/333182/407785/54405/54411/57423/623286/66043/66046/66091/66108/66142/66152/66218/66237/66290/66335/66377/66414/66445/66694/66916/66925/66945/67003/67126/67264/67273/67895/68194/68197/68202/68342/68775/70316/70383/72900/73834/75406/76252/76429/78330",83
"mmu04820",NA,NA,"mmu04820","Cytoskeleton in muscle cells - Mus musculus (house mouse)","116/2793","232/9810",0.5,1.7561761546724,7.35362791181254,2.11404926071901e-12,3.61502423582951e-10,2.02503666026769e-10,"104099/107765/109620/109676/109700/11459/11468/11603/11717/11735/118449/11928/11931/12111/12345/12814/12815/12826/12827/12830/12831/12832/12833/12834/12839/12840/12841/13003/13007/13138/13179/13346/13527/13717/13726/13806/13808/14114/14118/14119/14199/14200/14201/14268/15530/16398/16399/16400/16402/16404/16410/16412/16416/16480/16651/16772/16905/16907/17880/17886/17929/18810/192897/20392/20649/20650/20740/20742/20743/208846/20970/212073/21825/21827/21894/21953/22003/22004/22330/22352/223697/22793/229665/233199/24051/241226/24131/30794/319565/320910/326618/373864/433182/50874/50875/50876/53311/53318/53867/54004/54132/56419/57778/64009/640524/67399/67451/68794/70435/74103/76441/77579/80297/93689/94216/98932",116
"mmu04714","Organismal Systems","Environmental adaptation","mmu04714","Thermogenesis - Mus musculus (house mouse)","114/2793","238/9810",0.478991596638655,1.68238724061053,6.7234182418845,1.06137046410443e-10,1.20996232907905e-08,6.77787454270195e-09,"100041273/100042503/104110/104111/104263/105787/108079/108097/110323/110651/11512/11515/11946/11947/11949/11950/11951/11957/11958/12801/12857/12858/12859/12861/12865/12866/12867/12868/12896/14081/14182/16890/17705/17706/17708/17711/17721/17722/17991/17992/17993/17995/18160/18749/19016/19017/19091/19094/20111/20112/20663/214663/22227/22272/226139/227197/228033/230075/231991/23945/26397/26415/26427/28080/333182/407785/432530/50790/52469/54405/57376/57423/623286/66043/66046/66091/66108/66142/66152/66218/66272/66377/66414/66445/66694/66853/66916/66925/66945/66993/67003/67126/67155/67264/67273/67605/67892/68033/68185/68194/68197/68202/68342/69893/70316/70383/72900/75406/76178/76947/78070/78284/78330/83796",114
"mmu04510","Cellular Processes","Cellular community - eukaryotes","mmu04510","Focal adhesion - Mus musculus (house mouse)","100/2793","202/9810",0.495049504950495,1.73878827195287,6.6934693168503,1.47585131929893e-10,1.25123904783565e-08,7.00909531259122e-09,"104099/107589/107746/109700/109711/109880/109905/110157/11651/11796/11855/12043/12334/12389/12443/12444/12826/12827/12830/12833/12834/12839/12840/12841/13645/13649/13712/13730/13731/14254/14268/14360/16000/16001/16202/16398/16399/16400/16402/16404/16410/16412/16416/16542/16772/16774/16775/16776/16777/16779/16780/16782/170758/17931/18481/18590/18591/18596/18654/18706/18709/18719/18750/18752/19045/192176/192897/19303/19699/19877/19878/20663/20750/216148/21825/21827/21894/21923/22323/22330/22341/22371/226519/22793/232906/23797/241226/271849/320910/329251/54635/57257/57342/60595/67268/70584/71785/74769/94216/98932",100
"mmu05208","Human Diseases","Cancer: overview","mmu05208","Chemical carcinogenesis - reactive oxygen species - Mus musculus (house mouse)","110/2793","229/9810",0.480349344978166,1.68715613112632,6.63803967415496,1.8292968535609e-10,1.25123904783565e-08,7.00909531259122e-09,"100041273/100042503/101540/105675/109880/110157/110323/11350/11352/11622/11651/11739/11740/11946/11947/11949/11950/11951/11957/12857/12858/12859/12861/12865/12866/12867/12868/13057/13078/13107/13645/13649/13849/13850/14862/14866/14871/14872/171429/17705/17706/17708/17711/17721/17722/17969/17970/17991/17992/17993/17995/18024/18033/18104/18706/18709/18760/18805/19094/19247/20655/20656/20663/22272/227197/228033/230075/23797/26396/26415/28080/320718/333182/407785/50490/53859/54405/56615/57344/623286/66043/66046/66091/66108/66142/66152/66218/66377/66414/66445/66694/66916/66925/66945/67003/67126/67264/67273/68194/68197/68202/68312/68342/70316/72900/74769/75292/75406/76113/78330",110
"mmu05415","Human Diseases","Cardiovascular disease","mmu05415","Diabetic cardiomyopathy - Mus musculus (house mouse)","105/2793","217/9810",0.483870967741935,1.69952531097329,6.57397691606959,2.8000013505421e-10,1.596000769809e-08,8.94035518945022e-09,"100041273/100042503/105675/110323/11421/11606/11651/11739/11740/11938/11946/11947/11949/11950/11951/11957/12322/12325/12491/12857/12858/12859/12861/12865/12866/12867/12868/12896/13033/13057/14380/14381/14583/14584/14782/17390/17705/17706/17708/17711/17721/17722/17969/17970/17991/17992/17993/17995/18033/18597/18604/18706/18709/18750/18752/18795/19045/19094/20525/20528/210789/22272/227197/228033/230075/236900/23797/26415/27273/28080/333182/407785/53313/54405/55951/623286/66043/66046/66091/66108/66142/66152/66218/66377/66414/66445/66694/66916/66925/66945/67003/67126/67264/67273/68194/68197/68202/68263/68342/70316/70456/72900/74769/75406/78330",105
"mmu04360","Organismal Systems","Development and regeneration","mmu04360","Axon guidance - Mus musculus (house mouse)","89/2793","181/9810",0.49171270718232,1.727068262606,6.2286794128767,2.34158810018884e-09,1.14403304323512e-07,6.40855690578e-08,"107449/110157/11350/117606/11854/12162/12168/12322/12325/12631/12632/12767/12934/13639/13640/13641/13642/13643/13800/13835/13836/13838/13841/13844/13845/13846/13848/140571/14159/14360/14365/14678/16202/16412/16886/170758/17974/18019/18208/18481/18706/18709/18750/18844/18845/18846/19247/19876/19877/19878/20130/20187/20348/20350/20351/20354/20356/20358/20360/20361/20563/20564/214968/218877/22063/22253/223881/22419/226251/231148/231637/234779/235611/243743/244058/319713/319757/50780/53972/57764/58220/67268/69632/70584/73181/74769/80883/93742/98932",89
"mmu00240","Metabolism","Nucleotide metabolism","mmu00240","Pyrimidine metabolism - Mus musculus (house mouse)","36/2793","56/9810",0.642857142857143,2.25794077029308,5.95572899489168,2.53064698621181e-08,1.08185158660555e-06,6.06023357224406e-07,"103850/12495/12497/12499/13178/18102/18103/18605/20133/20135/209558/215446/21877/21915/22169/22171/22247/23959/320685/50773/51797/54369/56749/57813/66401/66422/66588/67464/68106/68556/69692/69719/72269/72962/80914/99586",36
"mmu04512","Environmental Information Processing","Signaling molecules and interaction","mmu04512","ECM-receptor interaction - Mus musculus (house mouse)","50/2793","89/9810",0.561797752808989,1.97323163446337,5.81872517757761,3.61543909699981e-08,1.37386685685993e-06,7.69602240530954e-07,"104099/109700/114249/11603/12491/12505/12826/12827/12830/12833/12834/12839/12840/12841/13138/14268/14723/14724/15366/15530/16398/16399/16400/16402/16404/16410/16412/16416/16772/16774/16775/16776/16777/16779/16780/16782/192897/19699/20750/21825/21827/21923/22371/226519/231470/241226/242022/320910/75209/94216",50
"mmu05205","Human Diseases","Cancer: overview","mmu05205","Proteoglycans in cancer - Mus musculus (house mouse)","93/2793","204/9810",0.455882352941176,1.60121943514248,5.47455597557483,1.13130708535619e-07,3.86907023191818e-06,2.16734620562976e-06,"109676/109880/110157/11651/11735/12322/12325/12367/12389/12402/12443/12505/12512/12575/13043/13179/13207/13649/13712/13867/13982/14102/14182/14268/14362/14365/14369/14371/14388/14733/14734/15163/15200/15530/16000/16001/16002/16398/16402/16410/16412/16416/16438/16439/16440/16542/16801/17246/17390/17698/17869/17931/18569/18706/18709/18749/18750/18752/18792/19045/19094/192176/19247/19303/19877/19878/20130/20544/20663/21825/21844/21859/21898/21926/22059/22409/22411/22419/22420/234779/23797/24088/26396/26415/319757/329251/57257/57265/69253/69632/74769/83383/93897",93
"mmu05165","Human Diseases","Infectious disease: viral","mmu05165","Human papillomavirus infection - Mus musculus (house mouse)","147/2793","359/9810",0.409470752089136,1.43820554170943,5.33652201114699,1.61409543506201e-07,4.88252296030909e-06,2.73505441297709e-06,"100529082/101206/103733/103768/103806/104099/108664/109700/110157/110557/110935/114143/11651/11920/11966/11972/11973/11975/12006/12367/12370/12428/12443/12444/12448/12571/12575/12576/12826/12827/12830/12833/12834/12839/12840/12841/12914/13555/13645/13649/13685/14082/14102/14268/142980/14362/14365/14369/14371/14924/14963/14972/14991/14997/15006/15007/15013/15015/15018/15040/15213/16391/16398/16399/16400/16402/16404/16410/16412/16416/16449/16772/16774/16775/16776/16777/16779/16780/16782/16897/17246/17305/17858/18033/18131/18596/18706/18709/18749/19053/19054/19225/192897/19303/19650/19664/19699/20663/20750/20847/21414/21415/217325/21752/21825/21827/21923/21926/22059/22371/22409/22411/22419/22420/224912/226519/231991/23797/23805/23962/241226/26396/26427/26932/26941/270118/27060/320910/433586/54411/56198/56217/57265/58220/66237/66290/66335/68775/69717/72930/73834/74769/76252/78284/93742/93897/94216",147
"mmu04932","Human Diseases","Endocrine and metabolic disease","mmu04932","Non-alcoholic fatty liver disease - Mus musculus (house mouse)","77/2793","162/9810",0.475308641975309,1.66945140629351,5.42038350425135,1.71316595098565e-07,4.88252296030909e-06,2.73505441297709e-06,"100041273/100042503/105787/108079/108097/110323/11651/12122/12125/12367/12369/12370/12702/12857/12858/12859/12861/12865/12866/12867/12868/13666/14102/16193/16194/17708/17711/17991/17992/17993/17995/18033/18706/18709/19016/19094/20787/21428/21926/22272/22433/227197/230075/23797/26415/333182/384783/407785/54405/58805/623286/66046/66091/66108/66142/66152/66218/66377/66414/66445/66694/66916/66925/66945/67003/67264/67273/68194/68197/68202/68342/68465/70316/72900/74769/75406/78330",77
"mmu01232","Metabolism","Global and overview maps","mmu01232","Nucleotide metabolism - Mus musculus (house mouse)","46/2793","84/9810",0.547619047619048,1.92343102654596,5.36227483963628,3.51320244747504e-07,9.24242490028049e-06,5.17735097522637e-06,"103850/11486/11564/11636/11637/11639/11717/12495/12496/12497/12499/13178/14544/18102/18103/18605/20133/20135/209558/215446/21877/21915/22169/22171/22436/229665/23917/23959/27369/320685/50773/51797/54369/56248/57813/66355/66422/66588/67464/68106/68556/69692/72269/72962/75686/80914",46
"mmu04142","Cellular Processes","Transport and catabolism","mmu04142","Lysosome - Mus musculus (house mouse)","66/2793","136/9810",0.485294117647059,1.70452391482909,5.21956426568688,5.00143946369179e-07,1.18171154125037e-05,6.61962143759827e-06,"108012/108664/110006/110173/114128/114143/11764/11766/11768/11769/11776/11777/11886/11972/11975/12091/12512/12514/12752/12757/13032/13033/13034/13036/13423/14466/14667/15211/15212/15586/15587/15932/16004/16889/17159/17775/17939/18010/18145/18174/19025/19141/192654/20597/20661/211329/229445/235504/252903/260302/27060/27419/50917/54397/54411/55946/56325/56464/64138/66848/67464/67489/67963/72175/76943/83429",66
"mmu04810","Cellular Processes","Cell motility","mmu04810","Regulation of actin cytoskeleton - Mus musculus (house mouse)","101/2793","232/9810",0.435344827586207,1.52908441053372,5.14521631628449,5.18294535636128e-07,1.18171154125037e-05,6.61962143759827e-06,"104099/107589/108100/109700/109711/109880/110157/11651/11867/12631/12632/12669/12672/12767/13645/13649/13800/14061/14164/14171/14178/14182/14183/14184/14186/14268/14673/14701/14745/16398/16399/16400/16402/16404/16407/16410/16412/16416/16801/16886/170758/17698/17880/17886/17931/18481/18590/18591/18596/18643/18645/18706/18709/18718/18719/19045/192897/19303/19877/19878/20130/20259/20544/20663/21844/219140/22330/226970/227753/231637/232906/23797/23805/241226/242687/26396/30938/320910/329165/329251/381810/404710/434782/54004/54126/544963/54635/56419/56443/57257/60595/66713/67268/69379/69632/70584/71785/74192/74769/77579/98932",101
"mmu05010","Human Diseases","Neurodegenerative disease","mmu05010","Alzheimer disease - Mus musculus (house mouse)","155/2793","389/9810",0.398457583547558,1.39952341374921,5.07271696730963,5.61876820443761e-07,1.20101170369854e-05,6.72773561320819e-06,"100041273/100042503/105675/106957/109880/110157/110323/11651/11739/11740/11785/11816/11820/11938/11946/11947/11949/11950/11951/11957/12006/12122/12288/12289/12314/12333/12334/12364/12367/12369/12370/12371/12569/12669/12857/12858/12859/12861/12865/12866/12867/12868/13666/14082/14102/14362/14365/14369/14371/14682/14977/16193/16438/16439/16440/16572/16574/16593/16956/16971/16973/17380/17705/17706/17708/17711/17721/17722/17762/17991/17992/17993/17995/18033/18174/18706/18709/18795/19225/20168/208117/213053/214922/215999/21926/22123/22142/22146/22151/22272/22409/22411/22419/22420/22433/227197/228033/230075/23797/23805/26396/27412/28080/29869/30791/328133/333182/384783/407785/50490/51897/53313/54405/56175/57265/57296/59287/623286/641340/66043/66046/66091/66108/66142/66152/66218/66377/66414/66445/66694/66916/66925/66945/67003/67126/67264/67273/67547/67951/68194/68197/68202/68318/68342/68427/68585/69806/70316/70405/72027/72900/74769/75406/78330/93897",155
"mmu04141","Genetic Information Processing","Folding, sorting and degradation","mmu04141","Protein processing in endoplasmic reticulum - Mus musculus (house mouse)","80/2793","175/9810",0.457142857142857,1.60564676998619,5.10017017334724,7.50128256840717e-07,1.50908155199721e-05,8.45345775510901e-06,"100037258/103963/105245/107513/108687/109815/110379/116891/12017/12043/12282/12333/12334/12364/12955/13135/13200/13666/140499/140740/14376/15482/15502/15511/16430/17155/18024/18415/18453/19089/193740/20014/20335/20832/213539/216080/216197/216440/217365/217379/22213/22433/226418/230815/230904/27054/270669/320011/50873/50907/53421/54197/56085/56424/57377/63958/66212/66256/66357/66397/66435/66967/67075/67397/67437/67475/67819/67838/69038/70361/70377/71853/72265/74126/75744/77371/80286/81500/81910/94232",80
"mmu00510","Metabolism","Glycan biosynthesis and metabolism","mmu00510","N-Glycan biosynthesis - Mus musculus (house mouse)","32/2793","53/9810",0.60377358490566,2.12066554526478,5.16092917270696,1.20294501168201e-06,2.28559552219583e-05,1.28032743933407e-05,"102580/103963/13135/13200/13478/14376/14595/16430/17155/17309/20014/20440/207958/208624/227697/230815/269181/320302/320438/380959/381903/53418/56737/57170/57357/57377/66248/66357/67075/68563/69038/80286",32
"mmu00630","Metabolism","Carbohydrate metabolism","mmu00630","Glyoxylate and dicarboxylate metabolism - Mus musculus (house mouse)","22/2793","32/9810",0.6875,2.41474221267454,5.05707484923089,2.59436987996807e-06,4.66986578394252e-05,2.61592974046642e-05,"104174/108037/110446/110460/110821/11428/11429/12974/13382/17449/17850/20425/224530/434437/60525/66904/67078/67432/68133/68738/71832/76238",22
"mmu05012","Human Diseases","Neurodegenerative disease","mmu05012","Parkinson disease - Mus musculus (house mouse)","113/2793","274/9810",0.412408759124088,1.44852485750351,4.75062526344565,2.92084878048668e-06,4.78009810617892e-05,2.67767884064193e-05,"100041273/100042503/105675/106957/109731/110323/11739/11740/11946/11947/11949/11950/11951/11957/12314/12322/12325/12367/12371/12857/12858/12859/12861/12865/12866/12867/12868/13666/140499/14678/14977/16438/16439/16440/16572/16574/16593/17161/17705/17706/17708/17711/17721/17722/17762/17991/17992/17993/17995/18024/18174/18749/20655/213053/214922/215999/22059/22123/22142/22146/22151/22186/22213/22272/22433/227197/228033/230075/28080/30791/328133/333182/407785/50873/54405/56551/57296/623286/66043/66046/66091/66108/66142/66152/66218/66377/66414/66445/66694/66725/66916/66925/66945/67003/67126/67264/67273/67547/67847/67951/68194/68197/68202/68342/68427/68943/69806/70316/70405/72027/72900/75406/78330",113
"mmu05222","Human Diseases","Cancer: specific types","mmu05222","Small cell lung cancer - Mus musculus (house mouse)","48/2793","94/9810",0.51063829787234,1.79354160477181,4.87710349864158,2.93514795993443e-06,4.78009810617892e-05,2.67767884064193e-05,"11651/11796/12043/12367/12371/12443/12448/12571/12575/12576/12826/12827/12830/13197/13555/14198/14268/16398/16399/16400/16410/16412/16772/16774/16775/16776/16777/16779/16780/16782/17869/18033/18706/18709/19225/218772/22029/22032/22033/22034/22059/226519/23797/242705/27015/66197/74769/94216",48
"mmu00480","Metabolism","Metabolism of other amino acids","mmu00480","Glutathione metabolism - Mus musculus (house mouse)","39/2793","73/9810",0.534246575342466,1.87646219266366,4.74191897451476,6.06295321911011e-06,9.152424314555e-05,5.12693513465377e-05,"100043497/110175/110208/11758/14380/14381/14768/14775/14778/14782/14854/14862/14866/14871/14872/15926/16790/18263/20133/20135/20603/207182/20810/23887/269951/320769/56615/66073/66116/66988/67305/68044/68312/68396/69065/69590/71522/75475/93674",39
"mmu04015","Environmental Information Processing","Signal transduction","mmu04015","Rap1 signaling pathway - Mus musculus (house mouse)","91/2793","214/9810",0.425233644859813,1.49357037453447,4.60556534028032,6.15513915891126e-06,9.152424314555e-05,5.12693513465377e-05,"101540/104110/104111/106952/107746/109880/109905/110157/110351/11512/11515/11600/11651/12314/12801/13639/13640/13645/13649/13800/13836/14065/14164/14171/14178/14182/14183/14184/14186/14254/14678/14681/14682/14745/14924/16000/16001/16399/16412/16416/16542/16590/170758/17311/18049/18590/18591/18596/18643/18645/18654/18706/18709/18750/18752/18760/18795/19094/19395/19730/20130/20469/21687/217692/217944/21825/21844/21894/22323/22341/23797/23880/26396/26397/26399/26415/381810/432530/50791/54354/54635/56508/57257/58220/70405/71785/74769/75292/79264/93742/99470",91
"mmu04151","Environmental Information Processing","Signal transduction","mmu04151","PI3K-Akt signaling pathway - Mus musculus (house mouse)","143/2793","367/9810",0.389645776566757,1.3685732431507,4.54018906367535,6.5178563294323e-06,9.28794526944103e-05,5.20285022788017e-05,"104099/105787/108079/109700/110157/11600/11651/12043/12064/12125/12189/12371/12443/12444/12448/12571/12575/12576/12669/12826/12827/12830/12833/12834/12839/12840/12841/12985/13639/13640/13645/13649/13685/13836/13867/13874/14164/14171/14178/14182/14183/14184/14186/14254/14256/14268/14696/14700/14701/14702/14704/14707/14708/14745/14924/15370/16000/16001/16002/16188/16190/16193/16194/16196/16398/16399/16400/16402/16404/16410/16412/16416/16453/16542/16590/16772/16774/16775/16776/16777/16779/16780/16782/170755/17246/17311/17763/17869/18033/18049/18188/18212/18414/18590/18591/18596/18654/18706/18709/18750/19053/19054/19116/192897/19699/20393/20663/20750/20963/21687/21802/21825/21827/21898/21923/22059/22341/22371/22630/22631/226519/231991/23797/24088/241226/263803/26396/26427/26932/320795/320910/381810/50791/54635/66066/67168/71785/72930/74343/74769/78284/78405/94216",143
"mmu01212","Metabolism","Global and overview maps","mmu01212","Fatty acid metabolism - Mus musculus (house mouse)","34/2793","62/9810",0.548387096774194,1.92612868576972,4.6151042694706,1.12507354214856e-05,0.000153910060565923,8.62161619667527e-05,"106529/107476/110446/110460/11430/12896/14081/14104/15107/170439/20249/20250/223722/224530/257633/26922/30963/329065/50790/54325/54326/54397/56348/56473/57874/66885/68801/71147/74147/74559/76267/78070/83603/93747",34
"mmu04723","Organismal Systems","Nervous system","mmu04723","Retrograde endocannabinoid signaling - Mus musculus (house mouse)","68/2793","153/9810",0.444444444444444,1.56104547081991,4.4126019982908,1.60515929136624e-05,0.000211140183710483,0.000118274895153302,"100041273/100042503/104110/104111/11512/11515/12286/12288/12289/12801/14073/14678/14681/14682/14696/14700/14701/14702/14704/14707/14708/16438/16439/16440/17721/17722/17991/17992/17993/17995/18749/18750/18752/18795/19094/19225/216643/227197/230075/23945/242864/26415/269060/407785/432530/53623/54405/623286/66046/66066/66082/66091/66108/66218/66377/66414/66916/67264/67273/68194/68197/68202/68342/70316/72900/72961/75406/78330",68
"mmu00230","Metabolism","Nucleotide metabolism","mmu00230","Purine metabolism - Mus musculus (house mouse)","61/2793","134/9810",0.455223880597015,1.59890664828382,4.40388226913285,1.76776537275133e-05,0.000223916947215168,0.000125432084928164,"103850/104110/104111/110385/11486/11512/11515/11564/11636/11637/11639/11717/12495/12496/12497/12499/13178/14198/14544/18102/18103/18160/18574/18578/18582/18585/18605/20133/20135/207728/209558/215446/22436/224794/229665/230103/231327/234889/237823/238871/23917/23959/23972/242202/27369/29863/432530/50773/53893/54195/54369/54611/56248/60596/66355/66401/66681/67464/68695/69692/75686",61
"mmu05020","Human Diseases","Neurodegenerative disease","mmu05020","Prion disease - Mus musculus (house mouse)","109/2793","273/9810",0.399267399267399,1.40236777186294,4.2537378061788,2.41501404355751e-05,0.000294976715320238,0.000165237802980251,"100041273/100042503/105675/110323/11739/11740/11946/11947/11949/11950/11951/11957/12288/12289/12364/12367/12371/12389/12857/12858/12859/12861/12865/12866/12867/12868/13057/13653/13666/14360/15482/15511/16193/16438/16439/16440/16572/16574/16593/17705/17706/17708/17711/17721/17722/17967/17969/17970/17991/17992/17993/17995/18706/18709/18749/19094/19122/193740/20655/215999/21926/22123/22142/22146/22151/22272/226519/227197/228033/230075/231991/26415/26427/28080/333182/407785/54405/57296/623286/66043/66046/66091/66108/66142/66152/66218/66377/66414/66445/66694/66916/66925/66945/67003/67126/67264/67273/67951/68194/68197/68202/68342/69379/70316/72900/74769/75406/78284/78330",109
"mmu05214","Human Diseases","Cancer: specific types","mmu05214","Glioma - Mus musculus (house mouse)","38/2793","74/9810",0.513513513513513,1.80364037506895,4.37783533004117,2.63123045164891e-05,0.000310303729125492,0.000173823572486425,"109880/110157/11651/12314/12322/12325/12326/12443/12571/12575/13197/13555/13645/13649/16000/16001/17246/18590/18591/18596/18706/18709/18750/18752/20663/215303/216148/21802/22059/234779/23797/242705/26396/27015/271849/52163/70405/74769",38
"mmu01200","Metabolism","Global and overview maps","mmu01200","Carbon metabolism - Mus musculus (house mouse)","56/2793","122/9810",0.459016393442623,1.61222728953531,4.29286895323235,2.87410017478901e-05,0.000327647419925947,0.000183539028705824,"104174/108037/108682/109264/110208/110446/110460/110821/11428/11429/11430/11676/12974/13382/13806/13808/14380/14381/14661/14718/15277/15926/17436/17449/17850/18563/18597/18641/18648/18655/20425/20917/21351/21881/21991/224530/235339/236539/269951/433182/434437/56421/56451/60525/66171/66646/66904/66925/66945/67078/68133/68263/68738/71832/72141/93747",56
"mmu00062","Metabolism","Lipid metabolism","mmu00062","Fatty acid elongation - Mus musculus (house mouse)","19/2793","29/9810",0.655172413793103,2.30119634060521,4.42713025097013,3.6395587244121e-05,0.00038996182651195,0.000218445836950369,"106529/15107/170439/171210/171282/217698/26897/26922/30963/54325/54326/54397/56348/57874/68801/70025/74559/83603/93747",19
"mmu01250","Metabolism","Global and overview maps","mmu01250","Biosynthesis of nucleotide sugars - Mus musculus (house mouse)","23/2793","38/9810",0.605263157894737,2.1258974503929,4.38703401446204,3.64876562818199e-05,0.00038996182651195,0.000218445836950369,"107652/109785/110119/12763/12764/14583/14584/15277/218138/22122/22235/227620/331026/50798/54128/54342/66681/67311/67883/69976/74246/76355/94181",23
"mmu04218","Cellular Processes","Cell growth and death","mmu04218","Cellular senescence - Mus musculus (house mouse)","77/2793","182/9810",0.423076923076923,1.48599520779972,4.17514667361642,3.84890337011931e-05,0.00039888634926691,0.000223445107930371,"100529082/110157/110557/11651/11739/11740/11920/12192/12234/12289/12314/12333/12334/12428/12442/12443/12444/12448/12530/12534/12571/12575/12649/13197/13555/13685/14235/14963/14972/14991/14997/15006/15007/15013/15015/15018/15040/16009/16193/16438/16439/16440/17164/17246/17865/17869/18018/18019/18033/18706/18709/19045/19094/19367/19650/20130/215999/22059/231506/233020/23797/23871/242705/26396/26397/26399/26415/268697/434175/54354/63873/69717/70405/72568/73181/74769/93759",77
"mmu04110","Cellular Processes","Cell growth and death","mmu04110","Cell cycle - Mus musculus (house mouse)","68/2793","157/9810",0.43312101910828,1.52127361169074,4.15390452446921,4.43468074230154e-05,0.000446076709960919,0.000249879843683864,"100710/105988/107995/11350/11920/12235/12236/12428/12442/12443/12444/12448/12530/12532/12534/12544/12571/12575/12576/12577/12649/12914/13197/13555/17215/17216/17218/17219/17220/17246/17869/18392/18817/19053/19650/20843/20877/211586/218294/22059/22137/22630/22631/229776/23834/24061/242705/268697/268930/26932/27214/320209/434175/55948/56150/66156/66591/67052/67141/67177/67849/69716/71890/71988/72415/75430/76464/77011",68
"mmu05412","Human Diseases","Cardiovascular disease","mmu05412","Arrhythmogenic right ventricular cardiomyopathy - Mus musculus (house mouse)","42/2793","86/9810",0.488372093023256,1.71533484874978,4.20347269187532,4.78287070681734e-05,0.000467354794780438,0.000261799238688949,"104099/109620/109700/110891/11938/12288/12289/12293/12295/12297/12298/12385/12558/13138/13346/13527/13726/14609/16398/16399/16400/16402/16404/16410/16412/16416/16480/16651/16772/16905/192897/20392/20541/20649/20650/21414/21415/24051/241226/320910/53313/67451",42
"mmu01040","Metabolism","Lipid metabolism","mmu01040","Biosynthesis of unsaturated fatty acids - Mus musculus (house mouse)","21/2793","34/9810",0.61764705882353,2.16939407341884,4.30915233571418,5.21144095745418e-05,0.000495086890958147,0.000277333992472708,"106529/11430/170439/171210/171282/20249/20250/217698/26897/30963/329065/54325/54326/56348/56473/57874/68801/70025/74559/76267/83603",21
"mmu00450","Metabolism","Metabolism of other amino acids","mmu00450","Selenocompound metabolism - Mus musculus (house mouse)","13/2793","17/9810",0.764705882352941,2.6859164718519,4.38909250460656,5.56531770302983e-05,0.000514415852550324,0.000288161542518187,"107869/20768/211006/212679/214580/216443/229905/232223/23972/26462/50493/50880/70266",13
"mmu04530","Cellular Processes","Cellular community - eukaryotes","mmu04530","Tight junction - Mus musculus (house mouse)","72/2793","170/9810",0.423529411764706,1.48758450748721,4.04583287019235,6.50668610966172e-05,0.000585601749869555,0.000328037914669926,"104027/105787/108079/108097/109711/109905/11867/12289/12394/12443/12479/12737/12739/12740/12741/13043/14924/15163/16412/16800/16897/17475/17698/17880/17886/17904/17999/18016/18260/18749/18754/19053/19877/19878/217325/21844/218518/22142/22146/22323/224912/235442/26401/26941/27375/434204/434782/53624/54357/54419/54420/56217/56332/56443/58187/58220/60363/60595/66713/67268/67374/68328/70737/72058/72930/73608/74094/74192/75723/77579/93742/98932",72
"mmu04146","Cellular Processes","Transport and catabolism","mmu04146","Peroxisome - Mus musculus (house mouse)","42/2793","87/9810",0.482758620689655,1.69561835623542,4.11152195892085,6.72736547180009e-05,0.0005899382029117,0.000330467075807724,"110959/111175/11430/11666/12908/13850/14081/15356/15926/17527/18631/18633/19193/19300/19301/19302/20524/20655/20656/208982/212503/22436/234384/269951/330450/50790/51798/54683/56690/56794/59038/668173/67993/68603/69129/70503/72129/74043/74114/74147/93732/93734",42
"mmu04668","Environmental Information Processing","Signal transduction","mmu04668","TNF signaling pathway - Mus musculus (house mouse)","53/2793","118/9810",0.449152542372881,1.57758196945147,3.98217209794152,9.52834510965994e-05,0.000814673506875925,0.000456357581567924,"11651/11796/12367/12369/12370/12633/12702/13614/14082/14102/14825/15894/15945/15953/16168/16182/16193/16449/16878/17387/18033/18706/18709/19094/19225/19766/20296/20297/20310/20311/20312/20339/217344/21926/21929/22029/22033/22329/22341/231991/23797/257632/26397/26399/26415/26427/330122/53859/69601/72542/74568/74769/78284",53
"mmu04928","Organismal Systems","Endocrine system","mmu04928","Parathyroid hormone synthesis, secretion and action - Mus musculus (house mouse)","52/2793","116/9810",0.448275862068966,1.57450275936146,3.9268264058715,0.000117510940521125,0.000980213211176214,0.000549088348519763,"104110/104111/109880/110157/110385/11512/11515/12043/12095/12393/12575/13649/13653/14182/14672/14673/14678/14682/15200/16438/16439/16440/16478/16801/16973/17258/17260/17387/17389/17391/18227/18578/18749/18750/18752/18795/18805/20393/20531/216869/22337/231991/238871/23948/240047/26427/26941/432530/53416/69847/75607/78284",52
"mmu04670","Organismal Systems","Immune system","mmu04670","Leukocyte transendothelial migration - Mus musculus (house mouse)","53/2793","119/9810",0.445378151260504,1.56432497811155,3.90742413038822,0.000124834467756922,0.00101650923744922,0.000569420379242099,"109711/109905/11855/12385/12562/12737/12739/12740/12741/12767/13057/14678/15894/16412/171486/17390/17698/17969/17970/18260/18613/18706/18709/18750/18752/19094/19229/19247/19303/19877/19878/20469/21838/22323/22329/22330/232906/234779/26415/53624/54354/54419/54420/56508/57257/58187/60363/60595/67268/67374/69524/74769/98932",53
"mmu05410","Human Diseases","Cardiovascular disease","mmu05410","Hypertrophic cardiomyopathy - Mus musculus (house mouse)","46/2793","100/9810",0.46,1.6156820622986,3.90408246547704,0.000135477631668191,0.00107270999137914,0.000600902488245626,"104099/105787/108079/108097/109700/110891/11421/11606/11938/12288/12289/12293/12295/12297/12298/13138/13346/13527/13614/13726/16000/16193/16398/16399/16400/16402/16404/16410/16412/16416/16651/16772/16905/192897/20392/20541/20649/20650/21926/22003/22004/24051/241226/320910/326618/53313",46
"mmu00640","Metabolism","Carbohydrate metabolism","mmu00640","Propanoate metabolism - Mus musculus (house mouse)","19/2793","31/9810",0.612903225806452,2.15273206056616,4.05540369874098,0.000138009472575094,0.00107270999137914,0.000600902488245626,"100705/107476/110821/11430/12039/13171/13382/16828/17850/20917/268860/52665/56451/56690/60525/66904/68738/74147/93747",19
"mmu00513","Metabolism","Glycan biosynthesis and metabolism","mmu00513","Various types of N-glycan biosynthesis - Mus musculus (house mouse)","24/2793","43/9810",0.558139534883721,1.96038268428546,3.98171390605394,0.000151199910430822,0.00114911931927425,0.000643704881834144,"102580/103963/13135/13200/14595/15211/15212/16430/17155/20014/207958/208624/230815/269181/320302/330406/330671/53418/56737/66357/67075/69038/71367/80286",24
"mmu04022","Environmental Information Processing","Signal transduction","mmu04022","cGMP-PKG signaling pathway - Mus musculus (house mouse)","71/2793","172/9810",0.412790697674419,1.44986636025279,3.75514212072348,0.000189174420104256,0.0014064706886012,0.00078786600592619,"104110/104111/105675/107589/110157/110891/11512/11515/11539/11549/11555/11651/11739/11740/11928/11931/11936/11938/11941/12288/12289/12314/13617/13618/14672/14673/14678/14682/14886/16438/16439/16440/16523/16531/17258/17260/17540/17931/18018/18019/18160/18754/18795/19045/19091/19735/19877/19878/20541/207728/20807/22323/230103/231991/234889/23797/242202/26396/26427/381290/384783/432530/53313/54195/54611/60596/67972/70405/73181/78284/98932",71
"mmu04392","Environmental Information Processing","Signal transduction","mmu04392","Hippo signaling pathway - multiple species - Mus musculus (house mouse)","17/2793","27/9810",0.62962962962963,2.21148108366154,3.97680768626653,0.000195339808023424,0.00142140881583002,0.000796233931920787,"101543/16475/18016/213391/215653/21676/21677/21678/21679/22601/232157/233651/319710/329628/50523/73246/97064",17
"mmu00512","Metabolism","Glycan biosynthesis and metabolism","mmu00512","Mucin type O-glycan biosynthesis - Mus musculus (house mouse)","19/2793","32/9810",0.59375,2.08545918367347,3.88003431893396,0.000249390734872551,0.0017556369304716,0.000983459283920689,"108150/108760/14423/14425/14426/14537/171212/20442/20444/20446/20447/20448/218476/230145/233733/59048/72297/78754/94192",19
"mmu04115","Cellular Processes","Cell growth and death","mmu04115","p53 signaling pathway - Mus musculus (house mouse)","36/2793","75/9810",0.48,1.6859291084855,3.76195835721684,0.000251538624541253,0.0017556369304716,0.000983459283920689,"11920/12043/12122/12367/12370/12371/12442/12443/12444/12448/12452/12521/12534/12571/12575/12649/13197/140742/14102/16000/16009/17246/20135/20437/20724/21825/21933/22059/268697/29813/29870/434175/55948/64058/68428/71361",36
"mmu05163","Human Diseases","Infectious disease: viral","mmu05163","Human cytomegalovirus infection - Mus musculus (house mouse)","98/2793","254/9810",0.385826771653543,1.35515955242437,3.61804850292437,0.000273659400412333,0.00187183029882036,0.00104854759736936,"100529082/104110/104111/110157/110557/11512/11515/11651/12010/12122/12314/12367/12370/12371/12443/12571/12575/12767/13555/13649/13685/13712/14082/14102/14672/14673/14678/14681/14682/14696/14700/14701/14702/14704/14707/14708/14963/14972/14991/14997/15006/15007/15013/15015/15018/15040/16193/16194/16410/16416/16438/16439/16440/16801/170758/17246/17869/18018/18019/18033/18706/18709/18749/18750/18752/18795/19094/19216/19217/19225/19229/19303/19766/19877/19878/20296/20312/20663/21354/21355/21926/22033/22059/231991/23797/242705/26396/26399/26415/26427/432530/66066/69632/69717/70405/73181/74769/78284",98
"mmu05215","Human Diseases","Cancer: specific types","mmu05215","Prostate cancer - Mus musculus (house mouse)","45/2793","100/9810",0.45,1.58055853920516,3.6813617805135,0.000296211171601698,0.00198635726838786,0.00111270244027882,"109880/110157/11651/11835/12043/12371/12443/12448/12575/12576/12914/13555/13645/13649/13876/14182/14183/16000/16001/17246/18033/18590/18591/18596/18706/18709/18791/18792/20663/20732/21414/21415/21417/21802/22059/231991/23797/242705/26396/26427/50528/54635/71785/74769/78284",45
"mmu04925","Organismal Systems","Endocrine system","mmu04925","Aldosterone synthesis and secretion - Mus musculus (house mouse)","46/2793","103/9810",0.446601941747573,1.56862336145495,3.65993095762898,0.000315281704745157,0.00203445930231781,0.0011396478701811,"101540/104110/104111/109305/11512/11515/11606/11928/11931/11941/12288/12289/12291/12314/12322/12325/12326/14672/14682/15370/16438/16439/16440/16890/18160/18227/18749/18750/18752/18754/18760/18795/207728/20778/20845/215303/231991/26427/269060/381290/432530/52163/67972/70405/75292/78284",46
"mmu05414","Human Diseases","Cardiovascular disease","mmu05414","Dilated cardiomyopathy - Mus musculus (house mouse)","46/2793","103/9810",0.446601941747573,1.56862336145495,3.65993095762898,0.000315281704745157,0.00203445930231781,0.0011396478701811,"104099/104110/104111/109700/110891/11512/11515/11606/11938/12288/12289/12293/12295/12297/12298/13138/13346/13527/13726/16000/16398/16399/16400/16402/16404/16410/16412/16416/16651/16772/16905/18749/192897/20392/20541/20649/20650/21926/22003/22004/24051/241226/320910/326618/432530/53313",46
"mmu00604","Metabolism","Glycan biosynthesis and metabolism","mmu00604","Glycosphingolipid biosynthesis - ganglio series - Mus musculus (house mouse)","11/2793","15/9810",0.733333333333333,2.57572502685285,3.85297276405718,0.000403654116469078,0.00255647607097083,0.00143206723581622,"11416/12091/14421/15211/15212/20442/20444/20447/20448/20454/54218",11
"mmu04921","Organismal Systems","Endocrine system","mmu04921","Oxytocin signaling pathway - Mus musculus (house mouse)","63/2793","153/9810",0.411764705882353,1.44626271561256,3.5098398491604,0.000459324601088533,0.00285616388313233,0.00159994406503566,"104110/104111/105787/107589/108079/108097/110157/11512/11515/12288/12289/12293/12295/12297/12298/12314/12322/12325/12326/12443/12494/12575/13631/13649/13712/14678/14681/14682/16438/16439/16440/16518/17260/17904/17931/18018/18019/18160/18430/18749/18750/18752/18795/19045/19225/19735/19877/19878/211480/215303/230103/234889/23938/26396/329251/432530/52163/54195/54720/60596/70405/73181/98932",63
"mmu05230","Human Diseases","Cancer: overview","mmu05230","Central carbon metabolism in cancer - Mus musculus (house mouse)","33/2793","69/9810",0.478260869565217,1.67982066968664,3.57510857352003,0.000487593980915997,0.00297780609773698,0.00166808467155473,"110157/11651/13649/14182/14183/14184/14380/14381/14660/15277/15926/16590/16828/17869/18213/18596/18597/18641/18648/18706/18709/20514/20525/20539/22059/228026/23797/26396/269951/56421/68263/74769/80879",33
"mmu01521","Human Diseases","Drug resistance: antineoplastic","mmu01521","EGFR tyrosine kinase inhibitor resistance - Mus musculus (house mouse)","37/2793","80/9810",0.4625,1.62446294307197,3.53807750040312,0.000520352347966561,0.00312211408779937,0.00174892201901965,"109880/110157/11651/12043/12125/13645/13649/13685/13867/14183/14184/14388/14456/16000/16001/16193/16194/16542/18590/18591/18596/18706/18709/18750/18752/20663/211323/216148/21802/234779/23797/26362/26396/271849/54635/71785/74769",37
"mmu05146","Human Diseases","Infectious disease: parasitic","mmu05146","Amoebiasis - Mus musculus (house mouse)","47/2793","108/9810",0.435185185185185,1.52852369017783,3.48431810871851,0.000558533162273108,0.0032934196809897,0.00184488267756272,"109711/11846/11847/12367/12475/12479/12826/12827/12830/14268/14672/14676/14682/14825/15507/16193/16772/16774/16775/16776/16777/16779/16780/16782/18033/18706/18709/18749/18750/18752/18795/20310/20708/20719/20723/21898/21926/22330/226421/226519/24088/330122/432530/60595/69379/74769/94216",47
"mmu05016","Human Diseases","Neurodegenerative disease","mmu05016","Huntington disease - Mus musculus (house mouse)","114/2793","308/9810",0.37012987012987,1.30002650410814,3.3752003989918,0.000600819897652075,0.00348271872876288,0.00195092277203707,"100041273/100042503/105000/105675/110084/110323/11739/11740/11772/11946/11947/11949/11950/11951/11957/12064/12367/12370/12371/12757/12857/12858/12859/12861/12865/12866/12867/12868/12914/13385/14682/14775/14778/15114/16438/16572/16574/16593/17705/17706/17708/17711/17721/17722/17991/17992/17993/17995/18795/19016/19017/20511/20655/20656/215114/22059/22123/22142/22146/22151/22227/22272/227058/227197/228033/230075/231991/232910/26427/28080/29869/330355/333182/407785/51897/53623/54405/57296/623286/641340/66043/66046/66091/66108/66142/66152/66218/66377/66414/66420/66445/66694/66916/66925/66945/67003/67126/67264/67273/67305/67951/68194/68197/68202/68342/69590/69920/70316/72504/72900/73916/75406/78284/78330",114
"mmu04010","Environmental Information Processing","Signal transduction","mmu04010","MAPK signaling pathway - Mus musculus (house mouse)","111/2793","299/9810",0.37123745819398,1.30391674360292,3.36704737769836,0.000621536571803732,0.00351513080516572,0.0019690791213917,"109880/109905/110157/110651/11600/11651/12064/12286/12288/12289/12291/12293/12295/12297/12298/12367/12475/13197/13537/13639/13640/13645/13649/13712/13836/13867/13874/14013/14102/14164/14171/14178/14182/14183/14184/14186/14254/14256/14673/14701/15370/15482/15507/15511/16000/16001/16002/16179/16478/16542/16590/16765/170758/17164/17260/17311/17762/17869/18018/18033/18049/18188/18212/18590/18591/18596/18654/18749/18750/18752/19094/19099/192176/193740/19395/20111/20112/20130/20663/20807/216869/21687/21802/21926/22034/22059/22341/225028/235584/23797/23938/26396/26397/26399/26401/26404/26405/26415/26921/330177/338372/53859/54635/63953/65964/67603/70686/71751/71785/75590/78405",111
"mmu05170","Human Diseases","Infectious disease: viral","mmu05170","Human immunodeficiency virus 1 infection - Mus musculus (house mouse)","92/2793","241/9810",0.381742738589212,1.34081498945942,3.37960565525542,0.000626967775190378,0.00351513080516572,0.0019690791213917,"100529082/108012/110157/110557/11651/11764/11766/11768/11769/11920/12010/12043/12122/12234/12314/12367/12370/12371/12442/12532/12534/12631/12632/12649/12767/14082/14102/14672/14678/14681/14682/14696/14700/14701/14702/14704/14707/14708/14963/14972/14991/14997/15006/15007/15013/15015/15018/15040/16179/16438/16439/16440/16886/170758/18018/18019/18033/18481/18706/18709/18750/18752/19094/19229/19303/19766/21354/21355/21898/21926/22033/22034/234779/23797/24088/252903/26396/26397/26399/26415/268697/319236/434175/66066/667823/67923/69550/69717/70405/70584/73181/74769",92
"mmu01240","Metabolism","Global and overview maps","mmu01240","Biosynthesis of cofactors - Mus musculus (house mouse)","62/2793","152/9810",0.407894736842105,1.43267002091695,3.39161927613042,0.000680842171965313,0.0037556132711635,0.00210379075208297,"103711/106564/107508/108037/108841/110006/110119/11564/11636/11637/11639/11647/12036/12850/12892/13361/13382/14287/14854/15288/17025/18041/18102/18103/18104/192185/20425/211347/216134/22169/22235/22247/22276/223646/226139/232087/268566/29807/319945/331026/51797/52064/54128/54369/54391/56248/56316/56738/56749/63857/66454/66588/67417/69568/69719/70383/71147/71743/71883/72535/75735/77974",62
"mmu04611","Organismal Systems","Immune system","mmu04611","Platelet activation - Mus musculus (house mouse)","53/2793","126/9810",0.420634920634921,1.47741803488313,3.40274026255002,0.000694095613340173,0.00376794761527522,0.00211070011074205,"104110/104111/107589/109305/109905/11512/11515/11651/14061/14065/14360/14678/14682/14723/14724/16398/16399/16412/16416/16438/16439/16440/16801/17931/18706/18709/18749/18795/19045/19091/19094/19224/19395/19877/19878/20619/20866/20963/21894/22323/22371/232906/234779/234889/23797/26415/432530/54195/60596/67268/69632/74769/99571",53
"mmu05161","Human Diseases","Infectious disease: viral","mmu05161","Hepatitis B - Mus musculus (house mouse)","66/2793","164/9810",0.402439024390244,1.41350763668754,3.36902261793458,0.000717440587227098,0.0038338231379948,0.00214760175781796,"109880/110157/110957/11651/117149/11799/12043/12122/12364/12367/12370/12371/12428/12448/12575/12914/13205/13555/13654/13655/13712/14082/14102/142980/15530/16179/16193/16453/17869/18018/18019/18033/18706/18709/18750/18752/19094/19229/20663/20847/20850/20851/21898/21926/22034/22059/22630/22631/228607/230073/231991/23797/24088/242705/26396/26397/26399/26401/26415/26427/54123/54411/71586/73181/74769/78284",66
"mmu04270","Organismal Systems","Circulatory system","mmu04270","Vascular smooth muscle contraction - Mus musculus (house mouse)","59/2793","144/9810",0.409722222222222,1.4390887934121,3.34874671446189,0.000794645995245295,0.00418106046729063,0.00234211451230192,"104110/104111/107589/109624/109880/110157/11468/11475/11512/11515/11535/11549/11606/12288/12289/12310/12314/13614/13617/14672/14673/14682/16438/16439/16440/16531/16801/17540/17880/17886/17904/17931/18160/18749/18750/18752/18754/18755/18761/18795/19045/19091/19877/19878/230103/234889/26396/329251/432530/51801/53357/54140/54195/60596/66350/69632/70405/77579/98932",59
"mmu00520","Metabolism","Carbohydrate metabolism","mmu00520","Amino sugar and nucleotide sugar metabolism - Mus musculus (house mouse)","26/2793","52/9810",0.5,1.7561761546724,3.44918381817261,0.000817520103736809,0.00423624053754528,0.00237302486252152,"107652/109785/110119/12763/12764/14583/14584/15211/15212/15277/218138/22122/22235/227620/331026/50798/54128/54342/66681/67311/67883/67980/69976/72017/74246/94181",26
"mmu01230","Metabolism","Global and overview maps","mmu01230","Biosynthesis of amino acids - Mus musculus (house mouse)","36/2793","79/9810",0.455696202531646,1.60056560932168,3.38117279081358,0.000866195079666277,0.00442147339172935,0.0024767871877339,"107869/108037/108682/109652/109900/11428/11429/11676/11846/11847/11898/12036/12974/13806/13808/14718/15926/18563/18641/18648/18655/20425/209027/21351/21881/21991/232087/236539/269951/27053/433182/56421/56454/66646/69051/71832",36
"mmu04914","Organismal Systems","Endocrine system","mmu04914","Progesterone-mediated oocyte maturation - Mus musculus (house mouse)","41/2793","93/9810",0.440860215053763,1.54845639444233,3.35266047137143,0.000897083126948654,0.0045118004325947,0.00252738589945286,"104110/104111/109880/110033/110157/110651/11512/11515/11651/12235/12428/12442/12530/12532/12534/14678/16000/16001/18667/18706/18709/18749/18817/19094/20111/20112/20868/20878/208922/231207/23797/26415/268697/268930/432530/434175/56150/66156/71890/74769/75430",41
"mmu05022","Human Diseases","Neurodegenerative disease","mmu05022","Pathways of neurodegeneration - multiple diseases - Mus musculus (house mouse)","168/2793","481/9810",0.349272349272349,1.22676754255702,3.21742166745481,0.000927262030307277,0.00459599441108824,0.00257454903914454,"100041273/100042503/103199/105000/105675/109880/110084/110157/110323/11739/11740/11820/11938/11946/11947/11949/11950/11951/11957/12006/12043/12064/12122/12288/12289/12314/12322/12325/12333/12334/12364/12367/12369/12370/12371/12569/12669/12857/12858/12859/12861/12865/12866/12867/12868/13385/13666/140499/14082/14102/14362/14365/14369/14371/14682/14775/14778/15114/16193/16438/16439/16440/16572/16574/16593/16973/17705/17706/17708/17711/17721/17722/17762/17991/17992/17993/17995/18033/18391/18750/18752/18795/19094/19122/19225/19324/20238/20655/20743/215114/215999/21926/22123/22142/22146/22151/22186/22213/22272/22409/22411/22419/22420/22433/227058/227197/228033/230075/23805/26396/26397/26399/26415/27412/28080/29869/330355/333182/407785/50490/50873/51897/53313/53333/53623/54405/57265/57296/623286/641340/66043/66046/66091/66108/66142/66152/66218/66377/66414/66445/66694/66725/66734/66916/66925/66945/67003/67126/67264/67273/67305/67819/67847/67951/68194/68197/68202/68342/68943/69590/70316/70405/72900/73205/73916/75406/78330/93897",168
"mmu04148","Cellular Processes","Transport and catabolism","mmu04148","Efferocytosis - Mus musculus (house mouse)","65/2793","163/9810",0.398773006134969,1.40063128900252,3.25397808828097,0.00104000291040444,0.00508115707654743,0.00284632375479111,"105722/11303/11846/11847/11938/11980/12215/12322/12325/12362/12367/12369/12491/13435/13537/13609/140580/14456/16410/16416/16889/16971/171284/17164/17304/18018/18019/18263/18514/18613/19016/19094/19128/19217/192187/19225/19247/19261/192654/19329/20312/20393/20525/20698/212555/21825/22174/226421/228432/235584/238257/26362/26396/26415/380713/50770/53313/53357/66694/70686/71345/73181/77573/78070/93759",65
"mmu04540","Cellular Processes","Cellular community - eukaryotes","mmu04540","Gap junction - Mus musculus (house mouse)","38/2793","86/9810",0.441860465116279,1.55196962505933,3.24350092790337,0.00129248806816822,0.00622578759596524,0.00348751413501285,"104110/104111/110157/11512/11515/12534/13645/13649/14609/14672/14678/14682/14745/16438/16439/16440/18590/18591/18596/18749/18750/18752/18795/19091/20663/22142/22146/22151/234889/23938/26396/26405/432530/54195/54635/60596/67951/71785",38
"mmu04012","Environmental Information Processing","Signal transduction","mmu04012","ErbB signaling pathway - Mus musculus (house mouse)","37/2793","84/9810",0.44047619047619,1.54710756483044,3.17700082099089,0.00159371443956894,0.00757014358795246,0.00424058520470098,"109880/110157/11350/11352/11651/12322/12325/12402/12575/12576/13645/13649/13685/13712/13867/13874/14388/15200/17869/17974/18481/18706/18709/18750/18752/20663/20850/20851/211323/216148/21802/234779/23797/26396/271849/70584/74769",37
"mmu00330","Metabolism","Amino acid metabolism","mmu00330","Arginine and proline metabolism - Mus musculus (house mouse)","26/2793","54/9810",0.481481481481481,1.69113259338823,3.21287963274124,0.00165960430823241,0.00777513251254087,0.00435541433451043,"100041585/109731/11702/11846/11847/12709/14431/14718/17161/18242/18263/18451/20603/20810/209027/228608/242669/56454/66054/66988/67092/67217/67432/69051/69215/72535",26
"mmu03030","Genetic Information Processing","Replication and repair","mmu03030","DNA replication - Mus musculus (house mouse)","19/2793","36/9810",0.527777777777778,1.85374149659864,3.23752828198159,0.00180141818234943,0.00827017096994666,0.00463272119584577,"106344/14156/16881/17215/17216/17218/17219/17220/18969/18972/18973/19075/19891/327762/59001/67153/67967/68209/72151",19
"mmu01522","Human Diseases","Drug resistance: antineoplastic","mmu01522","Endocrine resistance - Mus musculus (house mouse)","40/2793","93/9810",0.43010752688172,1.51068916530959,3.12179308153032,0.00182381235884035,0.00827017096994666,0.00463272119584577,"104110/104111/109880/110157/11512/11515/11651/12043/12124/12443/12575/12576/13388/13555/13649/13982/15200/16000/16001/16449/16450/17246/17390/18131/18706/18709/18749/19094/20663/216148/22059/23797/242705/26396/26415/271849/432530/54485/59035/74769",40
"mmu04923","Organismal Systems","Endocrine system","mmu04923","Regulation of lipolysis in adipocytes - Mus musculus (house mouse)","27/2793","57/9810",0.473684210526316,1.66374583074227,3.17060557334767,0.00184520606855092,0.00827017096994666,0.00463272119584577,"104110/104111/109648/11512/11515/11539/11555/11651/11770/14678/16890/18160/18166/18706/18709/18749/19091/19224/19225/225845/23797/23945/384783/432530/66853/67469/74769",27
"mmu04014","Environmental Information Processing","Signal transduction","mmu04014","Ras signaling pathway - Mus musculus (house mouse)","88/2793","236/9810",0.372881355932203,1.30969069162009,3.03815228483772,0.0018664451619147,0.00827017096994666,0.00463272119584577,"109905/110157/11350/11352/11600/11651/12064/12314/13639/13640/13645/13649/13712/13836/14164/14171/14178/14182/14183/14184/14186/14254/14256/14388/14389/14696/14700/14701/14702/14704/14707/14708/16000/16001/16002/16542/16590/16706/170758/17311/18033/18049/18212/18481/18590/18591/18596/18654/18706/18709/18749/18750/18752/18805/19247/19395/19414/19415/19730/19731/20130/20663/216148/21687/217944/21802/21844/22341/225845/225870/234779/23797/23871/240057/26396/271849/53357/54153/54354/54601/54635/66066/66350/70405/70584/71785/74769/78405",88
"mmu04144","Cellular Processes","Transport and catabolism","mmu04144","Endocytosis - Mus musculus (house mouse)","99/2793","270/9810",0.366666666666667,1.28786251342642,3.02597199684245,0.00188617934402292,0.00827017096994666,0.00463272119584577,"100529082/106572/106952/107338/110355/110557/11772/11867/12345/12389/12402/12757/12767/13132/13196/13649/13854/14183/14184/14186/14275/14772/14773/14963/14972/14991/14997/15006/15007/15013/15015/15018/15040/15482/15511/16001/16004/16572/16574/17246/17999/18719/18805/19157/19326/19341/193740/194309/215445/216859/216869/22034/22042/22088/22365/225861/227700/228998/230597/232227/232910/234353/245666/259300/26431/268451/27681/27965/30948/330192/330319/347722/434782/54189/54198/55988/56443/57440/58194/58220/66251/66713/67064/67588/69710/69717/70432/72685/73711/73728/74192/75767/77038/77407/78618/80794/93742/98878/99371",99
"mmu04114","Cellular Processes","Cell growth and death","mmu04114","Oocyte meiosis - Mus musculus (house mouse)","50/2793","123/9810",0.40650406504065,1.42778549160357,3.01200753538556,0.0023399511961322,0.0101299153047748,0.00567449857023398,"104110/104111/105988/107995/110651/11512/11515/11835/12234/12235/12314/12322/12325/12442/12448/12532/12534/16000/16001/16438/16439/16440/18667/18749/18817/19045/19053/19094/20111/20112/20878/208922/22630/22631/231207/24061/26415/268697/268930/26932/432530/434175/50878/56150/66156/67141/70405/71890/72415/75430",50
"mmu04210","Cellular Processes","Cell growth and death","mmu04210","Apoptosis - Mus musculus (house mouse)","54/2793","135/9810",0.4,1.40494092373792,2.98885718232056,0.00244775453157554,0.0104641506224854,0.00586172795719406,"110157/11651/11796/11799/11920/12043/12045/12122/12125/12333/12334/12364/12367/12369/12370/12371/12633/13032/13033/13036/13197/13666/13804/14082/14102/16188/16438/16439/16440/16905/16907/18033/18049/18706/18709/18952/19249/19766/20740/21926/21933/22029/22059/22142/22146/229445/23797/26396/26926/53859/56464/64138/69601/74769",54
"mmu03060","Genetic Information Processing","Folding, sorting and degradation","mmu03060","Protein export - Mus musculus (house mouse)","21/2793","42/9810",0.5,1.7561761546724,3.09825311310192,0.00253755090782608,0.0107141038330435,0.00600174483722348,"100101806/140740/20335/20818/217337/24067/27058/53421/66212/66286/66320/66384/665155/66624/66661/67398/69089/71446/76687/76976/93757",21
"mmu05223","Human Diseases","Cancer: specific types","mmu05223","Non-small cell lung cancer - Mus musculus (house mouse)","32/2793","72/9810",0.444444444444444,1.56104547081991,3.01440443953998,0.00269393960646973,0.0112356993343006,0.00629392822050694,"109880/110157/11651/12371/12443/12571/12575/13197/13555/13645/13649/14198/16453/16572/16574/18706/18709/18750/18752/20663/20850/20851/21802/218772/22059/234779/23797/242705/26396/27015/54354/74769",32
"mmu00020","Metabolism","Carbohydrate metabolism","mmu00020","Citrate cycle (TCA cycle) - Mus musculus (house mouse)","17/2793","32/9810",0.53125,1.86593716433942,3.09534063206934,0.00283715094812295,0.0116904292079283,0.0065486553273098,"104112/11428/11429/12974/13382/15926/17449/18563/18597/20917/235339/269951/56451/66925/66945/68263/71832",17
"mmu04970","Organismal Systems","Digestive system","mmu04970","Salivary secretion - Mus musculus (house mouse)","37/2793","87/9810",0.425287356321839,1.49375902811215,2.91841218435514,0.00335337613334983,0.0135096678196536,0.0075677425151645,"104110/104111/11512/11515/11549/11555/11830/11928/11931/11936/11941/12182/12314/12494/13010/14682/16438/16439/16440/16531/16534/18749/18750/18752/18795/19091/20544/22318/234889/381290/432530/54195/60596/64177/67972/70405/76113",37
"mmu04066","Environmental Information Processing","Signal transduction","mmu04066","HIF-1 signaling pathway - Mus musculus (house mouse)","47/2793","116/9810",0.405172413793103,1.42310826326901,2.89201866078738,0.00335766597856887,0.0135096678196536,0.0075677425151645,"11600/11651/11676/12043/12322/12325/12575/12576/12914/13614/13645/13649/13685/13806/13808/14254/15277/15979/16000/16001/16193/16194/16828/170768/18033/18597/18641/18655/18706/18709/18750/18752/20525/21687/21857/21898/22041/22042/228026/234779/23797/26396/433182/56421/67923/68263/74769",47
"mmu04924","Organismal Systems","Endocrine system","mmu04924","Renin secretion - Mus musculus (house mouse)","33/2793","76/9810",0.43421052631579,1.52510034484708,2.89918230651615,0.00367282973836313,0.0146059043083743,0.00818182389696561,"109305/11421/11512/11539/11555/11606/11826/12288/12289/12314/12722/13614/13617/14678/14682/16438/16439/16440/16518/16531/18160/18574/18749/18795/19217/229927/229933/234889/54195/54611/60596/70405/80797",33
"mmu05224","Human Diseases","Cancer: specific types","mmu05224","Breast cancer - Mus musculus (house mouse)","57/2793","147/9810",0.387755102040816,1.36193252811329,2.78934601202019,0.00425002276932736,0.0167069860587351,0.00935879182114434,"109880/110157/11651/12006/12189/12190/12443/12571/12575/13197/13388/13555/13645/13649/13982/14164/14171/14178/14182/14362/14365/14369/14371/15213/16000/16001/16449/16450/16590/16973/17869/17977/18131/18667/18706/18709/20663/21414/21415/216148/22059/22409/22411/22419/22420/23797/23805/242705/26396/27015/271849/27412/54485/56198/57265/74769/93897",57
"mmu04130","Genetic Information Processing","Folding, sorting and degradation","mmu04130","SNARE interactions in vesicular transport - Mus musculus (house mouse)","17/2793","33/9810",0.515151515151515,1.80939361390489,2.93823165096303,0.004317159248008,0.0167780507138493,0.00939860027676384,"12068/13852/20333/20619/20909/22318/224630/53330/53620/56389/56418/56494/67023/67474/68159/71116/74732",17
"mmu04722","Organismal Systems","Nervous system","mmu04722","Neurotrophin signaling pathway - Mus musculus (house mouse)","48/2793","121/9810",0.396694214876033,1.39332984172355,2.74651643024378,0.00498693081940713,0.0190099632068756,0.0106488559669171,"107746/108960/109880/109905/110157/110651/11350/11651/12043/12064/12314/12322/12325/12326/14388/14570/16179/170936/17164/18033/18037/18049/18212/18213/18706/18709/19094/19247/192656/20111/20112/20661/20663/216148/22034/22059/234779/23797/23938/26396/26401/26415/271849/65020/70405/74769/78405/94275",48
"mmu04371","Environmental Information Processing","Signal transduction","mmu04371","Apelin signaling pathway - Mus musculus (house mouse)","54/2793","139/9810",0.388489208633094,1.36451096909798,2.73057687090013,0.00505765346338488,0.0190099632068756,0.0106488559669171,"104110/104111/105787/107589/108079/108097/110157/110891/11475/11512/11515/11651/12314/12326/12443/13653/14219/14678/14682/14696/14700/14701/14702/14704/14707/14708/16438/16439/16440/16449/16890/17258/17260/18131/18749/18754/18791/18795/19017/20130/20541/20544/20698/20750/208727/22227/23796/23797/26396/30878/432530/66066/66734/70405",54
"mmu05135","Human Diseases","Infectious disease: bacterial","mmu05135","Yersinia infection - Mus musculus (house mouse)","53/2793","136/9810",0.389705882352941,1.3687843558476,2.73219063967964,0.00505820658428561,0.0190099632068756,0.0106488559669171,"108100/110596/110651/11651/11867/12362/140579/140580/14268/14682/16179/16193/16402/16412/16801/16818/170758/18018/18019/18033/18706/18709/18719/19094/19229/19303/19877/19878/20111/20112/20296/21898/21926/22034/23797/23880/242687/26396/26397/26399/26415/26431/320795/330319/434782/54126/54353/56443/57257/66713/69632/74192/74769",53
"mmu04260","Organismal Systems","Circulatory system","mmu04260","Cardiac muscle contraction - Mus musculus (house mouse)","37/2793","89/9810",0.415730337078652,1.46019140950289,2.75137721191716,0.00528478319418356,0.0194848121485237,0.0109148532195485,"110323/110891/11928/11931/11936/11938/12288/12289/12293/12295/12297/12298/12857/12858/12859/12861/12865/12866/12867/12868/17708/17711/20541/20544/22003/22004/22272/236727/326618/333182/53313/65973/66142/66152/66445/66694/67003",37
"mmu04978","Organismal Systems","Digestive system","mmu04978","Mineral absorption - Mus musculus (house mouse)","25/2793","55/9810",0.454545454545455,1.5965237769749,2.79877227914548,0.00529850154915994,0.0194848121485237,0.0109148532195485,"110891/11927/11928/11931/11936/11941/11979/12724/14319/171429/18174/20529/20531/20537/20541/22041/22337/244698/320718/381290/53945/64177/67972/70358/72027",25
"mmu05218","Human Diseases","Cancer: specific types","mmu05218","Melanoma - Mus musculus (house mouse)","31/2793","72/9810",0.430555555555556,1.51226279985678,2.7523032239131,0.00556339363797255,0.0202412832360278,0.0113386074144569,"109880/110157/11651/12443/12571/12575/13197/13555/13645/13649/14164/14171/14178/14182/16000/16001/17246/17342/18590/18591/18596/18706/18709/22059/23797/242705/26396/27015/54635/71785/74769",31
"mmu04931","Human Diseases","Endocrine and metabolic disease","mmu04931","Insulin resistance - Mus musculus (house mouse)","44/2793","110/9810",0.4,1.40494092373792,2.69447551534765,0.00586243419458838,0.0209992345949636,0.0117631908165078,"100705/105651/105787/108079/108097/110078/110095/110651/11606/11651/12491/12702/14583/14584/16193/170826/18033/18706/18709/18754/18761/19017/19045/19247/19309/20111/20112/20525/20528/20787/210789/21428/21926/228775/231991/23797/26427/26457/26569/384783/58805/74343/74769/78284",44
"mmu04725","Organismal Systems","Nervous system","mmu04725","Cholinergic synapse - Mus musculus (house mouse)","45/2793","113/9810",0.398230088495575,1.39872437097801,2.68946193777484,0.00590684662368378,0.0209992345949636,0.0117631908165078,"104110/104111/11512/11515/11651/12043/12286/12288/12289/12322/12325/12326/12669/12672/14360/14672/14678/14681/14682/14696/14700/14701/14702/14704/14707/14708/16438/16439/16440/16518/16535/18706/18709/18749/18750/18752/18795/211480/231991/23797/26427/432530/66066/74769/78284",45
"mmu04213","Organismal Systems","Aging","mmu04213","Longevity regulating pathway - multiple species - Mus musculus (house mouse)","27/2793","61/9810",0.442622950819672,1.55464774348048,2.74141149584695,0.00598876953117377,0.0209992345949636,0.0117631908165078,"104110/104111/105787/108079/108097/11512/11515/11651/12955/13688/15482/15511/16000/16001/18706/18709/18749/193740/20480/20655/20656/23797/384783/432530/67605/74769/93759",27
"mmu04915","Organismal Systems","Endocrine system","mmu04915","Estrogen signaling pathway - Mus musculus (house mouse)","52/2793","134/9810",0.388059701492537,1.36300238870096,2.66923031800351,0.00601732453305975,0.0209992345949636,0.0117631908165078,"104110/104111/107656/110157/11512/11515/11651/12043/12314/13033/13649/13982/14678/14681/14682/15200/15482/15511/16438/16439/16440/16660/16664/16665/16666/16667/16668/17390/17977/17978/18667/18706/18709/18749/18795/193740/19401/20663/216148/21802/231991/23797/26396/26427/271849/432530/54393/68239/70405/74769/78284/94179",52
"mmu01210","Metabolism","Global and overview maps","mmu01210","2-Oxocarboxylic acid metabolism - Mus musculus (house mouse)","17/2793","34/9810",0.5,1.7561761546724,2.78646721168291,0.00637439295705709,0.0220206302152881,0.0123353484123806,"108682/109652/11428/11429/12036/12039/12974/13171/13382/14718/15926/18597/209692/235339/269951/68263/71832",17
"mmu03440","Genetic Information Processing","Replication and repair","mmu03440","Homologous recombination - Mus musculus (house mouse)","20/2793","42/9810",0.476190476190476,1.67254871873561,2.75560945509857,0.00644313753344893,0.0220355303643953,0.0123436950640811,"11920/12021/12144/12189/12190/18972/19361/19366/19891/20962/210766/225182/233826/235559/237911/268465/57434/623474/67967/74335",20
"mmu04912","Organismal Systems","Endocrine system","mmu04912","GnRH signaling pathway - Mus musculus (house mouse)","37/2793","90/9810",0.411111111111111,1.44396706050841,2.66938348090295,0.00655831000702419,0.0222073467564581,0.0124399418580344,"104110/104111/110157/11512/11515/12288/12289/12314/12322/12325/13649/13653/13712/14672/14682/15200/16438/16439/16440/16866/17387/17390/18749/18750/18795/18805/19094/19229/20663/26396/26397/26399/26401/26405/26415/432530/70405",37
"mmu01523","Human Diseases","Drug resistance: antineoplastic","mmu01523","Antifolate resistance - Mus musculus (house mouse)","15/2793","29/9810",0.517241379310345,1.81673395310937,2.77881782938551,0.00687066358326437,0.023036930838004,0.012904651931415,"108037/11684/13361/14275/14287/16193/17250/18033/20425/20509/21926/22171/239273/26357/27416",15
"mmu04062","Organismal Systems","Immune system","mmu04062","Chemokine signaling pathway - Mus musculus (house mouse)","71/2793","193/9810",0.367875647668394,1.29210888063979,2.58568552289489,0.00703339444627501,0.0231666778540218,0.0129773326236749,"100039863/100041579/104110/104111/109880/109905/110157/110355/11512/11515/11651/12767/140580/14191/14678/14682/14696/14700/14701/14702/14704/14707/14708/14772/14773/14825/15162/15945/16453/170758/17969/18033/18706/18709/18749/18795/18829/19229/19303/19395/19877/19878/20296/20297/20300/20301/20305/20306/20308/20309/20310/20311/20312/20663/20847/20851/216148/216869/21844/234779/23797/271849/277360/330122/432530/56838/57257/57266/66066/74769/93742",71
"mmu04974","Organismal Systems","Digestive system","mmu04974","Protein digestion and absorption - Mus musculus (house mouse)","43/2793","108/9810",0.398148148148148,1.3984365676095,2.62671243219075,0.00704483770999494,0.0231666778540218,0.0129773326236749,"107581/110891/11928/11931/11936/12814/12815/12816/12818/12819/12821/12822/12826/12827/12830/12831/12832/12833/12834/12836/12839/12840/12841/13482/13717/16529/16534/16535/17380/20510/20514/20532/20540/20541/234967/237759/329941/373864/50934/53867/67760/77018/94216",43
"mmu05220","Human Diseases","Cancer: specific types","mmu05220","Chronic myeloid leukemia - Mus musculus (house mouse)","32/2793","76/9810",0.421052631578947,1.47888518288202,2.64401930543127,0.00729653733444463,0.0237658644607625,0.0133129803996885,"109880/110157/11350/11651/12394/12402/12443/12571/12575/12576/13017/13197/13555/14013/14389/17246/17869/18033/18706/18709/19247/20663/20850/20851/216148/22059/23797/242705/26396/27015/271849/74769",32
"mmu00260","Metabolism","Amino acid metabolism","mmu00260","Glycine, serine and threonine metabolism - Mus musculus (house mouse)","19/2793","40/9810",0.475,1.66836734693878,2.67220661628222,0.00809772035337469,0.0261266071778693,0.0146354032205978,"104174/107869/108037/109731/11754/13382/14431/14711/17161/18648/19193/192166/20425/236539/237940/434437/67092/68133/76238",19
"mmu05418","Human Diseases","Cardiovascular disease","mmu05418","Fluid shear stress and atherosclerosis - Mus musculus (house mouse)","56/2793","148/9810",0.378378378378378,1.32899817110343,2.54426838653491,0.00821285722311695,0.0262504408439813,0.0147047714176811,"105787/108079/11477/11651/11898/12043/12159/12168/12314/12389/12562/13057/13614/14733/14862/14866/14871/14872/15894/16399/16410/16416/16542/16800/170758/17258/17260/17390/17969/17970/18024/18033/18104/18590/18591/18613/18706/18709/18791/19094/20296/20339/21824/21926/22059/22329/23797/23938/26399/26415/56551/56615/63873/68312/70405/74769",56
"mmu04152","Environmental Information Processing","Signal transduction","mmu04152","AMPK signaling pathway - Mus musculus (house mouse)","49/2793","127/9810",0.385826771653543,1.35515955242437,2.54151391251421,0.00851024631047739,0.0267327861828306,0.0149749679448297,"100705/105787/107476/108079/108097/11549/11651/12428/12443/12491/12683/13631/13685/14104/16000/16001/16890/170768/18639/18640/18641/18706/18709/19016/19017/19053/19054/19326/20249/20250/20528/20787/231991/23797/26427/26932/270198/329065/384783/56421/56690/67605/68465/72930/74343/74769/78070/78284/93759",49
"mmu05014","Human Diseases","Neurodegenerative disease","mmu05014","Amyotrophic lateral sclerosis - Mus musculus (house mouse)","128/2793","375/9810",0.341333333333333,1.19888292158969,2.47750345952514,0.00852009852025889,0.0267327861828306,0.0149749679448297,"100041273/100042503/103172/103199/105000/110084/110323/110379/11744/11946/11947/11949/11950/11951/11957/12043/12122/12362/12364/12367/12371/12857/12858/12859/12861/12865/12866/12867/12868/13666/14775/14778/15114/15185/16440/16572/16574/16593/170722/17705/17706/17708/17711/17721/17722/17991/17992/17993/17995/18226/18391/18643/18645/19094/19324/20511/20655/211323/215999/21926/22059/22123/22142/22146/22151/22272/22433/225027/227058/227197/228033/230075/237082/26397/26399/26415/28080/29869/330355/333182/407785/50873/51897/53333/54405/54563/56085/57296/623286/641340/66043/66046/66091/66108/66142/66152/66218/66377/66414/66445/66694/66734/66916/66925/66945/67003/67126/67264/67273/67305/67819/67951/68194/68197/68202/68342/68943/69482/69590/69912/70316/72787/72900/73205/75406/77595/78330/94232",128
"mmu04020","Environmental Information Processing","Signal transduction","mmu04020","Calcium signaling pathway - Mus musculus (house mouse)","90/2793","254/9810",0.354330708661417,1.24453428283871,2.49109700104904,0.00865003171966586,0.0268937349829611,0.0150651270141549,"104110/104111/105675/107589/109305/110891/11515/11549/11555/116873/11739/11740/11938/11941/12286/12288/12289/12291/12314/12322/12325/12326/12494/12669/12767/13617/13618/13645/13649/13867/14164/14171/14178/14182/14183/14184/14186/14254/14672/14676/14682/16438/16439/16440/16542/18018/18019/18049/18212/18213/18430/18574/18590/18591/18596/18749/18750/18752/18795/18799/18802/19204/19216/19229/20541/20698/20866/215303/215999/21802/22341/228550/233979/234779/252972/269717/269999/320404/381290/432530/52163/53313/54140/54635/65973/67972/70405/71785/73181/94045",90
"mmu00514","Metabolism","Glycan biosynthesis and metabolism","mmu00514","Other types of O-glycan biosynthesis - Mus musculus (house mouse)","20/2793","43/9810",0.465116279069767,1.63365223690455,2.62710059705232,0.00887517635108167,0.0273171981404977,0.0153023393707928,"101351/108150/108760/14423/14425/14426/14595/171212/17305/20440/224143/230145/233733/26433/268880/269132/53418/59048/78754/94192",20
"mmu04964","Organismal Systems","Excretory system","mmu04964","Proximal tubule bicarbonate reclamation - Mus musculus (house mouse)","12/2793","22/9810",0.545454545454545,1.91582853236989,2.71300520295077,0.00896385710643655,0.0273171981404977,0.0153023393707928,"11826/11928/11931/11936/12349/12351/14660/14661/17449/27376/54403/76257",12
"mmu05160","Human Diseases","Infectious disease: viral","mmu05160","Hepatitis C - Mus musculus (house mouse)","62/2793","167/9810",0.37125748502994,1.30398708490645,2.49965102778081,0.00902585786513521,0.0273171981404977,0.0153023393707928,"109880/110157/11651/12122/12367/12370/12371/12443/12520/12571/12575/12633/12702/12737/12739/12740/12741/13555/13645/13649/13666/14082/14102/142980/15467/15945/15957/16391/17858/17869/18033/18260/18706/18709/19053/19192/19766/20663/20778/20847/21926/22034/22059/22630/22631/228607/230073/23797/23961/24014/242705/246728/26396/53624/54123/54419/54420/58185/58187/60363/72930/74769",62
"mmu00280","Metabolism","Amino acid metabolism","mmu00280","Valine, leucine and isoleucine degradation - Mus musculus (house mouse)","25/2793","57/9810",0.43859649122807,1.54050539883543,2.58190613123048,0.00919336373172652,0.0274730874186313,0.0153896642357368,"100470/110446/110460/110821/11761/12036/12039/13171/13382/15107/15356/17850/208982/224530/257633/268860/56357/66885/66904/66948/72535/74147/78038/78894/93747",25
"mmu04150","Environmental Information Processing","Signal transduction","mmu04150","mTOR signaling pathway - Mus musculus (house mouse)","59/2793","158/9810",0.373417721518987,1.31157459652748,2.49088699404881,0.00931835713614394,0.0274730874186313,0.0153896642357368,"105787/108079/108664/109270/109880/110157/110379/110651/110935/11651/11966/11973/13685/14245/14362/14365/14369/14371/16000/16001/16973/18706/18709/18750/18752/20111/20112/20393/20539/20663/216805/21926/22409/22411/22419/22420/23797/245670/26396/29869/320311/52187/57265/66096/66237/66290/66335/66508/67605/68775/71718/71962/72446/73834/74769/80909/83409/93897/97998",59
"mmu04390","Environmental Information Processing","Signal transduction","mmu04390","Hippo signaling pathway - Mus musculus (house mouse)","59/2793","158/9810",0.373417721518987,1.31157459652748,2.49088699404881,0.00931835713614394,0.0274730874186313,0.0153896642357368,"101543/11796/11799/12006/12159/12161/12162/12168/12234/12385/12443/12444/13385/14164/14219/14362/14365/14369/14371/14563/14633/16475/16897/17125/17131/17869/18016/19045/19053/20583/21414/21415/21676/21677/21678/21679/217325/22409/22411/22419/22420/22601/22630/22631/232157/23805/319710/50523/56217/57265/58220/71228/72293/72930/73246/93742/93897/93960/97064",59
"mmu04330","Environmental Information Processing","Signal transduction","mmu04330","Notch signaling pathway - Mus musculus (house mouse)","27/2793","63/9810",0.428571428571429,1.50529384686205,2.53834645660321,0.00999410282205812,0.0287676346029915,0.0161148337880716,"103806/12914/13017/13388/14357/15213/16449/16450/17305/18131/18223/19664/20238/20602/207521/208117/21885/270118/433586/54485/56198/59287/66935/67122/68318/74198/80904",27
"mmu04929","Organismal Systems","Endocrine system","mmu04929","GnRH secretion - Mus musculus (house mouse)","27/2793","63/9810",0.428571428571429,1.50529384686205,2.53834645660321,0.00999410282205812,0.0287676346029915,0.0161148337880716,"110157/114229/11651/12288/12289/12291/140492/14672/14682/15168/16438/16439/16440/16534/16866/18706/18709/18750/18752/18795/20750/216869/22063/23797/26396/54393/74769",27
"mmu04933","Human Diseases","Endocrine and metabolic disease","mmu04933","AGE-RAGE signaling pathway in diabetic complications - Mus musculus (house mouse)","40/2793","101/9810",0.396039603960396,1.39103061756229,2.49204739121922,0.0100975721330282,0.0287676346029915,0.0161148337880716,"11606/11651/12043/12367/12443/12576/12826/12827/12830/13614/13653/14066/14268/15894/16193/17390/18018/18033/18706/18709/18750/18754/18795/18799/18802/19094/20296/20339/20850/20851/21824/21926/22329/22341/234779/23797/26415/50490/74769/94216",40
"mmu00563","Metabolism","Glycan biosynthesis and metabolism","mmu00563","Glycosylphosphatidylinositol (GPI)-anchor biosynthesis - Mus musculus (house mouse)","15/2793","30/9810",0.5,1.7561761546724,2.61689486486499,0.0101767603029346,0.0287676346029915,0.0161148337880716,"14731/14755/14756/18700/225651/233575/327942/433931/54218/55981/56176/56703/66268/67063/67292",15
"mmu04724","Organismal Systems","Nervous system","mmu04724","Glutamatergic synapse - Mus musculus (house mouse)","45/2793","116/9810",0.387931034482759,1.36255046483203,2.47809556275373,0.0101780227688946,0.0287676346029915,0.0161148337880716,"104110/104111/110355/11512/11515/12286/12288/12289/13385/14660/14678/14681/14682/14696/14700/14701/14702/14704/14707/14708/14807/16438/16439/16440/18749/18750/18752/18795/18805/20510/20511/210274/22063/224997/241638/26556/26557/26558/432530/53623/58234/66066/67760/72961/76257",45
"mmu02010","Environmental Information Processing","Membrane transport","mmu02010","ABC transporters - Mus musculus (house mouse)","23/2793","52/9810",0.442307692307692,1.55354044451789,2.52489149801654,0.010847301185932,0.0301607886633231,0.0168952401869031,"11303/11306/11307/11666/17250/18669/18671/192663/19300/20928/21354/21355/217265/239273/26357/27403/27404/27410/27416/56199/56325/74104/74610",23
"mmu03460","Genetic Information Processing","Replication and repair","mmu03460","Fanconi anemia pathway - Mus musculus (house mouse)","23/2793","52/9810",0.442307692307692,1.55354044451789,2.52489149801654,0.010847301185932,0.0301607886633231,0.0168952401869031,"101831/12144/12189/12190/14087/19361/193838/19891/208836/20892/211651/223970/230484/233826/237211/237911/26447/268465/27015/67030/69928/71718/74386",23
"mmu05213","Human Diseases","Cancer: specific types","mmu05213","Endometrial cancer - Mus musculus (house mouse)","25/2793","58/9810",0.431034482758621,1.51394496092448,2.47659994885449,0.0118733342616722,0.0327474219152572,0.0183442006419723,"109880/110157/11651/12006/12371/12385/12443/12575/13197/13645/13649/13712/16202/17869/18706/18709/20663/21414/21415/22059/23797/23805/26396/27015/74769",25
"mmu00620","Metabolism","Carbohydrate metabolism","mmu00620","Pyruvate metabolism - Mus musculus (house mouse)","20/2793","44/9810",0.454545454545455,1.5965237769749,2.50188782736257,0.0119954462142795,0.0327736134476915,0.0183588724145271,"100705/107476/109264/110446/110460/13382/14651/16828/17436/17449/18563/18597/224530/235339/60525/66204/68263/68738/72535/76238",20
"mmu04935","Organismal Systems","Endocrine system","mmu04935","Growth hormone synthesis, secretion and action - Mus musculus (house mouse)","45/2793","117/9810",0.384615384615385,1.35090473436338,2.40893537395684,0.012074489164939,0.0327736134476915,0.0183588724145271,"104110/104111/110157/11512/11515/11651/12288/12289/12702/12703/12914/14672/14678/14682/16000/16005/16009/16438/16439/16440/18706/18709/18749/18750/18752/18795/19094/20663/20850/20851/216148/231991/234779/23797/26396/26397/26399/26401/26415/26427/271849/384783/432530/74769/78284",45
"mmu00920","Metabolism","Energy metabolism","mmu00920","Sulfur metabolism - Mus musculus (house mouse)","7/2793","11/9810",0.636363636363636,2.23513328776487,2.58577889851953,0.0160293010299973,0.0431655193091265,0.0241801308533734,"20341/20342/22117/23827/23972/246221/66071",7
"mmu05169","Human Diseases","Infectious disease: viral","mmu05169","Epstein-Barr virus infection - Mus musculus (house mouse)","80/2793","228/9810",0.350877192982456,1.23240431906835,2.24003926972085,0.0164573690893284,0.0436311645624056,0.0244409724541638,"100529082/110557/11651/12010/12043/12122/12125/12367/12370/12371/12428/12443/12444/12448/12495/12505/12571/12575/12576/13197/13555/14082/14102/14963/14972/14991/14997/15006/15007/15013/15015/15018/15040/15894/15945/16179/16193/16391/16453/17246/17869/17999/18033/18037/18706/18709/19094/19664/19766/20602/20847/20963/21354/21355/215446/21926/21929/22033/22034/22059/22123/22352/228607/230073/234779/23797/23961/24088/242705/246728/26397/26399/26415/27015/53859/54123/57296/66935/69717/74769",80
"mmu05203","Human Diseases","Cancer: overview","mmu05203","Viral carcinogenesis - Mus musculus (house mouse)","80/2793","228/9810",0.350877192982456,1.23240431906835,2.24003926972085,0.0164573690893284,0.0436311645624056,0.0244409724541638,"100529082/107995/109711/110557/110957/11972/12266/12367/12370/12428/12443/12444/12448/12534/12571/12575/12576/12649/12914/13205/13654/13655/14963/14972/14991/14997/15006/15007/15013/15015/15018/15040/15185/16195/16391/16453/170787/17164/17246/18033/18706/18709/18749/18970/19303/19385/19650/19664/20259/20684/20807/20850/20851/208727/20963/22029/22033/22059/22630/22631/227753/231991/234729/26427/319158/319160/319161/319179/319187/54123/56233/56463/60595/665596/665622/66973/69717/74769/78284/83945",80
